Index,Name,ConsensusMotif,Names
1,Superclass: Basic domains,,
1.1,Class: Basic leucine zipper factors (bZIP),,
1.1.1,Family: Jun-related factors,TGAGTCA,
1.1.1.1,Subfamily: Jun factors,TGAGTCA,
1.1.1.1.1,c-Jun,,"jun, cjun, ap1"
1.1.1.1.2,JunB,,junb
1.1.1.1.3,JunD,,"jund, ap1"
1.1.1.2,Subfamily: NF-E2-like factors,GCTGAGTCA,
1.1.1.2.1,NF-E2 p45,,"nfe2, nfe2"
1.1.1.2.2,NF-E2L1 (NRF1),,"nrf1, ewg, alphapal"
1.1.1.2.3,NF-E2L2 (NRF2),,"nfe2l2, nrf2"
1.1.1.2.4,NF-E2L3 (NRF3),,"nfe2l3, nrf3"
1.1.1.2.5,BACH1,,"bach1, bach1, btbd24"
1.1.1.2.6,BACH2,,"bach2, btbd25"
1.1.1.3,Subfamily: ATF-2-like factors,TGACGTCA,
1.1.1.3.1,ATF-2,,"atf2, treb7, crebp1, hb16, creb2"
1.1.1.3.2,ATF-7,,"atf7, atfa"
1.1.1.3.3,CREB-5 (CRE-BPa),,"creb5, h_gs165l15.1, crebpa"
1.1.2,Family: Fos-related factors,(TGAGTCA),
1.1.2.1,Subfamily: Fos factors,(TGAGTCA),
1.1.2.1.1,c-Fos,,"fos, cfos, ap1"
1.1.2.1.2,FosB,,"fosb, g0s3, gosb, gos3, ap1, mgc42291, dkfzp686c0818"
1.1.2.1.3,Fra-1,,"fosl1, fra1"
1.1.2.1.4,Fra-2,,"fosl2, fra2, flj23306"
1.1.2.2,Subfamily: ATF-3-like factors,TGACGTCA,
1.1.2.2.1,ATF-3,,atf3
1.1.2.2.2,JDP-2,,"jdp2, jundm2"
1.1.3,Family: Maf-related factors,TGCTGACTCAGCA,
1.1.3.1,Subfamily: Large Maf factors,TGCTGACTCAGCA,
1.1.3.1.1,c-Maf,,"maf, cmaf"
1.1.3.1.2,MafA,,"mafa, ripe3b1, hmafa"
1.1.3.1.3,MafB,,"mafb, krml"
1.1.3.1.4,Nrl,,"nrl, d14s46e, rp27, nrlmaf"
1.1.3.2,Subfamily: Small Maf factors,TGCTGACTCAGCA,
1.1.3.2.1,MafF,,"maff, hmaff"
1.1.3.2.2,MafG,,"mafg, mgc13090, mgc20149"
1.1.3.2.3,MafK,,"mafk, p18, nfe2u"
1.1.4,Family: B-ATF-related factors,TGAGTCA,
1.1.4.0.1,B-ATF,,"batf, batf, sfa2, batf1"
1.1.4.0.2,B-ATF-2,,"batf2, mgc20410"
1.1.4.0.3,B-ATF-3,,"batf3, jundm1, snft, jdp1"
1.1.5,Family: XBP-1-related factors,GGATGACGTGTACA,
1.1.5.0.1,XBP-1,,"xbp1, xbp2"
1.1.6,Family: ATF-4-related factors,TGACGTCA,
1.1.6.0.1,ATF-4,,"atf4, taxreb67, creb2, txreb"
1.1.6.0.2,ATF-5,,atf5
1.1.7,Family: CREB-related factors,TGACGTCA,
1.1.7.1,Subfamily: CREB-like factors,TGACGTCA,
1.1.7.1.1,CREB (CREB-1),,creb1
1.1.7.1.2,ATF-1,,"atf1, treb36"
1.1.7.1.3,CREM,,"crem, hcrem2"
1.1.7.2,Subfamily: CREB-3-like factors,TGACGTCA,
1.1.7.2.1,"CREB-3 (Luman, LZIP)",,"creb3, lzip, luman, slzip"
1.1.7.2.2,CREB-3L1 (OASIS),,"creb3l1, oasis"
1.1.7.2.3,CREB-3L2,,"creb3l2, bbf2h7, tcag_1951439"
1.1.7.2.4,CREB-3L3 (CREB-H),,"creb3l3, crebh, crebh"
1.1.7.2.5,CREB-3L4 (AIBZIP),,"creb3l4, aibzip, creb4, creb3, hjal, atce1"
1.1.7.3,Subfamily: ATF-6 factors,TGACGTGG,
1.1.7.3.1,ATF-6a,,"atf6, atf6a"
1.1.7.3.2,ATF-6b,,"atf6b, g13, crebl1"
1.1.7.4,Subfamily: CREBZF-like factors,TGACGTCA,
1.1.7.4.1,"CREBZF (Zhangfei, ZF)",,"crebzf, zf"
1.1.7.5,Subfamily: CREBL2-like factors,TGACGTCA,
1.1.7.5.1,CREBL2,,crebl2
1.1.8,Family: C/EBP-related,ATTGCGCAAT,
1.1.8.1,Subfamily: C/EBP,ATTGCGCAAT,
1.1.8.1.1,C/EBPa,,"cebpa, c/ebpalpha, cebp"
1.1.8.1.2,C/EBPb(NF-IL6-1),,"cebpb, lap, crp2, nfil6, il6dbp, c/ebpbeta, tcf5"
1.1.8.1.3,C/EBPg,,"cebpg, gpe1bp, ig/ebp1"
1.1.8.1.4,C/EBPdelta,,"cebpd, crp3, celf, c/ebpdelta, nfil6beta"
1.1.8.1.5,C/EBPepsilon,,"cebpe, crp1"
1.1.8.1.6,DDIT3 (CHOP-10),,"ddit3, chop10, gadd153, chop"
1.1.8.2,Subfamily: PAR factors,TTATGCAA,
1.1.8.2.1,DBP,,"dbp, dabp"
1.1.8.2.2,HLF,,"hlf, mgc33822"
1.1.8.2.3,TEF,,"tef, kiaa1655"
1.1.8.2.4,NF-IL3 (E4BP4),,"nfil3, e4bp4, nfil3a, nfil3a, il3bp1"
1.1.0,Family: ZIP only,,
1.1.0.1,Subfamily: TSC22,,
1.1.0.1.1,"TSC22D1 (TSC-22, Cerebral protein 2)",,"tsc22d1, tsc22, mgc17597, tgfb1i4"
1.1.0.1.2,TSC22D2 (TILZ4),,"tsc22d2, kiaa0669, tilz4a, tilz4b, tilz4c"
1.1.0.1.3,"TSC22D3 (DSIPI, GILZ)",,"tsc22d3, dip, gilz, tsc22r, hdip, dsipi"
1.1.0.1.4,TSC22D4 (TILZ2),,"tsc22d4, thg1, tilz2"
1.1.0.2,Subfamily: UTF,,
1.1.0.2.1,UTF1,,utf1
1.2,Class: Basic helix-loop-helix factors (bHLH),,
1.2.1,Family: E2A-related factors,CAGGTG,
1.2.1.0.1,"E2A (TCF-3, ITF-1)",,"tcf3, e2a, itf1, mgc129647, mgc129648, bhlhb21, vdir, e47, p75"
1.2.1.0.2,"SEF2 (E2-2, TCF-4, ITF-2, MITF)",,"mitf, mi, bhlhe32, ws2a, ws2"
1.2.1.0.3,"HTF-4 (TCF-12, HEB)",,"tcf12, heb, htf4, hst17266, bhlhb20, p64"
1.2.2,Family: MyoD / ASC-related factors,CAGGTG,
1.2.2.1,Subfamily: Myogenic transcription factors,,
1.2.2.1.1,MyoD (Myod1),,"myod1, pum, myod, bhlhc1, myf3"
1.2.2.1.2,"Myogenin (Myog, Myf-4)",,"myog, bhlhc3, myf4"
1.2.2.1.3,Myf-5,,"myf5, bhlhc2"
1.2.2.1.4,Myf-6 (MRF4),,"myf6, mrf4, bhlhc4"
1.2.2.2,Subfamily: Achaete-Scute-like factors,,
1.2.2.2.1,ASH-1 (ASCL1),,"ascl1, ash1, hash1, bhlha46"
1.2.2.2.2,ASH-2 (ASCL2),,"ascl2, ash2, hash2, bhlha45"
1.2.2.2.3,ASH-3 (ASCL3),,"ascl3, bhlha42, hash3, sgn1"
1.2.2.2.4,ASH-4 (ASCL4),,"ascl4, hash4, bhlha44"
1.2.2.2.5,ASH-5 (ASCL5),,"ascl5, bhlha47"
1.2.3,Family: Tal-related factors,CAGCTG,
1.2.3.1,Subfamily: Tal / HEN-like factors,CAGCTG,
1.2.3.1.1,"Tal-1 (SCL, TCL-5)",,"tal1, scl, bhlha17, tcl5"
1.2.3.1.2,Tal-2,,"tal2, bhlha19"
1.2.3.1.3,Lyl-1,,"lyl1, bhlha18"
1.2.3.1.4,"HEN1 (NSCL-1, NHLH1)",,"nhlh1, nscl, nscl1, bhlha35, hen1"
1.2.3.1.5,"HEN2 (NSCL-2, NHLH2)",,"nhlh2, nscl2, bhlha34, hen2"
1.2.3.2,Subfamily: Twist-like factors,CGTCTG,
1.2.3.2.1,"Twist-1 (H-Twist, M-Twist)",,"twist1, scs, htwist, bpes2, bhlha38, crs1, acs3, bpes3, twist, crs"
1.2.3.2.2,Twist-2 (Dermo-1),,"twist2, dermo1, dermo1, bhlha39"
1.2.3.2.3,"HAND-1 (eHAND, Th1)",,"hand1, ehand, thing1, hxt, bhlha27"
1.2.3.2.4,HAND-2 (dHAND),,"hand2, dhand, thing2, hed, bhlha26"
1.2.3.2.5,bHLH-EC2 (TCF-15),,"tcf15, ec2, paraxis, bhlha40"
1.2.3.2.6,Scx,,"scx, bhlha48, bhlha41, scxa, scxb"
1.2.3.2.7,PTF-1a,,"ptf1a, ptf1p48, bhlha29, p48"
1.2.3.2.8,FIGa,,"figla, bhlhc8"
1.2.3.3,Subfamily: Mesp-like factors,,
1.2.3.3.1,Mesp-1,,"mesp1, mgc10676, bhlhc5"
1.2.3.3.2,Mesp-2,,"mesp2, scdo2, bhlhc6"
1.2.3.3.3,TCF-23,,"tcf23, out, bhlha24"
1.2.3.3.4,"ABF-1 (Musculin, MyoR, MSC)",,"msc, abf1, bhlha22"
1.2.3.3.5,Pod-1 (TCF-21),,"tcf21, pod1, bhlha23"
1.2.3.3.6,Mesogenin-1 (MSGN1),,"msgn1, pmesogenin1"
1.2.3.4,Subfamily: Neurogenin / Atonal-like factors,CAGCTG,
1.2.3.4.1,NeuroD1,,"neurod1, beta2, bhf1, neurod, bhlha3, mody6, neurod"
1.2.3.4.2,NeuroD2,,"neurod2, ndrf, bhlha1"
1.2.3.4.3,NeuroD4 (ATH-3),,"neurod4, atoh3, ath3, math3, bhlha4"
1.2.3.4.4,NeuroD6 (ATH-2),,"neurod6, atoh2, nex1m, math2, bhlha2, nex1"
1.2.3.4.5,NGN-1 (NeuroD3),,"neurog1, aka, math4c, ngn1, bhlha6, neurod3"
1.2.3.4.6,"NGN-2 (Atoh4, NeuroG2)",,"neurog2, atoh4, math4a, ngn2, bhlha8, ngn2"
1.2.3.4.7,"NGN-3 (Atoh5, NeuroG3)",,"neurog3, atoh5, math4b, ngn3, bhlha7"
1.2.3.4.8,ATH-1 (ATOH-1),,"atoh1, hath1, math1, math1, bhlha14"
1.2.3.4.9,ATH-5 (ATOH-7),,"atoh7, math5, bhlha13"
1.2.3.4.10,ATH-6 (ATOH-8),,"atoh8, hath6, flj14708, bhlha21"
1.2.3.4.11,bHLHe22 (Beta3),,"bhlhe22, cagl85, beta3, bhlhe22, tnrc20, bhlhb5"
1.2.3.4.12,bHLHe23,,"bhlhe23, ba305p22.3, beta4, bhlhe23, bhlhb4"
1.2.3.4.13,OLIGO1,,"olig1, bhlhb6, bhlhe21"
1.2.3.4.14,OLIGO2,,"olig2, rack17, oligo2, bhlhe19, prkcbp2, bhlhb1"
1.2.3.4.15,OLIGO3,,"olig3, bhlhb7, bhlhe20"
1.2.3.4.16,MIST1 (bHLHa15),,"bhlha15, mist1, bhlha15, bhlhb8"
1.2.3.4.17,Fer3L (Ferd3L),,"ferd3l, nato3, ntwist, bhlha31"
1.2.3.5,Subfamily: bHLHa9-like factors,,
1.2.3.5.1,bHLHa9,,"bhlha9, bhlha9, bhlhf42"
1.2.4,Family: Hairy-related factors,CACGAG,
1.2.4.1,Subfamily: Hairy-like factors,CACGAG,
1.2.4.1.1,HES-1,,"hes1, flj20408, hes1, hes1, bhlhb39, hry"
1.2.4.1.2,HES-2,,"hes2, bhlhb40"
1.2.4.1.3,HES-3,,"hes3, bhlhb43"
1.2.4.1.5,HES-5,,"hes5, bhlhb38"
1.2.4.1.6,HES-6,,"hes6, bhlhb41"
1.2.4.1.7,HES-7,,"hes7, bhlhb37"
1.2.4.1.8,HEY-1,,"hey1, hesr1, chf2, hesr1, hrt1, chf2, herp2, bhlhb31"
1.2.4.1.9,HEY-2,,"hey2, bhlhb32, herp1, hesr2"
1.2.4.1.10,HEYL (HRT3),,"heyl, bhlhb33, hey3, hesr3"
1.2.4.1.11,HELT,,"helt, hesl, hcm1228, mgn, bhlhb44, megane"
1.2.4.1.12,"DEC1 (STRA-13, bHLHb2)",,"dec1, cts9"
1.2.4.1.13,DEC2 (bHLHb3),,"bhlhe41, dec2, sharp1, sharp1, bhlhe41, bhlhb3"
1.2.5,Family: PAS domain factors,CACGC,
1.2.5.1,Subfamily: Ahr-like factors,CACGC,
1.2.5.1.1,AhR,,"ahr, bhlhe76"
1.2.5.1.2,AhRR,,"ahrr, kiaa1234, bhlhe77, ahh, ahhr"
1.2.5.1.3,SIM1,,"sim1, bhlhe14"
1.2.5.1.4,SIM2,,"sim2, mgc119447, bhlhe15, sim"
1.2.5.1.5,HIF-1a,,"hif1a, mop1, hif1alpha, pasd8, hif1, bhlhe78"
1.2.5.1.6,HIF-3a,,"hif3a, ipas, mop7, pasd7, bhlhe17"
1.2.5.1.7,EPAS-1,,"epas1, mop2, pasd2, hif2a, hlf, bhlhe73"
1.2.5.1.8,NPAS-1,,"npas1, mop5, pasd5, bhlhe11"
1.2.5.1.9,NPAS-3,,"npas3, mop6, pasd6, bhlhe12"
1.2.5.2,Subfamily: Arnt-like factors,CACGTG,
1.2.5.2.1,Arnt (HIF-1b),,"arnt, hif1beta, bhlhe2"
1.2.5.2.2,Arnt-2,,"arnt2, kiaa0307, bhlhe1"
1.2.5.2.3,ArntL (Bmal1),,"arntl, mop3, jap3, bmal1, pasd3, bhlhe5"
1.2.5.2.4,ArntL2 (Bmal2),,"arntl2, bmal2, mop9, clif, pasd9, bhlhe6"
1.2.5.2.5,CLOCK,,"clock, kiaa0334, kat13d, bhlhe8"
1.2.5.2.6,NPAS-2,,"npas2, mop4, pasd4, bhlhe9"
1.2.5.3,Subfamily: NCoA factors,,
1.2.5.3.1,NCoA-1 (SRC-1),,"ncoa1, src1, fsrc1, ncoa1, kat13a, rip160, bhlhe74"
1.2.5.3.2,NCoA-2,,"ncoa2, tif2, grip1, ncoa2, kat13c, bhlhe75"
1.2.5.3.3,NCoA-3,,"ncoa3, rac3, aib1, actr, p/cip, tram1, cagh16, tnrc16, kat13b, bhlhe42, src3, src3"
1.2.5.4,Subfamily: NPAS-4,CACGA,
1.2.5.4.1,NPAS-4,,"npas4, pasd10, nxf, lepas, bhlhe79"
1.2.5.5,Subfamily: SOHLH-like factors,,
1.2.5.5.1,SOHLH1 (TEB2),,"sohlh1, nohlh, teb2, ba100c15.3, bhlhe80, spata27, c9orf157"
1.2.5.5.2,SOHLH2 (TEB1),,"sohlh2, flj20449, teb1, bhlhe81, spata28"
1.2.5.5.3,"TCFL5 (Cha, E2BP-1)",,"tcfl5, figlb, e2bp1, cha, bhlhe82"
1.2.6,Family: bHLH-ZIP factors,CACATG,
1.2.6.1,Subfamily: TFE3-like factors,CACATG,
1.2.6.1.1,TFE3 (TFEA),,"tfe3, tfea, bhlhe33"
1.2.6.1.2,TFEB,,"tfeb, tcfeb, bhlhe35"
1.2.6.1.3,TFEC,,"tfec, tcfec, tfecl, bhlhe34"
1.2.6.1.4,MiTF,,"mitf, mi, bhlhe32, ws2a, ws2"
1.2.6.2,Subfamily: USF factors,CACGTG,
1.2.6.2.1,USF-1,,"usf1, uef, mltfi, bhlhb11"
1.2.6.2.2,USF-2,,"usf2, fip, bhlhb12"
1.2.6.3,Subfamily: SREBP factors,ATCACCCCAC,
1.2.6.3.1,SREBP-1 (SREBF1),,"srebf1, srebp1, bhlhd1, srebp1c, srebp1a"
1.2.6.3.2,SREBP-2 (SREBF2),,"srebf2, srebp2, bhlhd2"
1.2.6.4,Subfamily: AP-4,CAGCTG,
1.2.6.4.1,AP-4,,"tfap4, ap4, bhlhc41"
1.2.6.5,Subfamily: Myc / Max factors,CACGTG,
1.2.6.5.1,c-Myc,,"myc, cmyc, bhlhe39, mycc"
1.2.6.5.2,N-Myc,,"mycn, bhlhe37, nmyc, mycnot, nmyc"
1.2.6.5.3,L-Myc-1,,"mycl, lmyc, bhlhe38, mycl1"
1.2.6.5.5,Max,,"max, bhlhd4, bhlhd5, bhlhd6, bhlhd7, bhlhd8"
1.2.6.5.6,B-Myc,,BMyc
1.2.6.6,Subfamily: Mondo-like factors,CACGTG,
1.2.6.6.1,Mlx (Tcfl4),,"mlx, mad7, mxd7, bhlhd13, tcfl4"
1.2.6.6.2,MondoA (Mlx-IP),,"mlxip, mondoa, kiaa0867, mir, bhlhe36"
1.2.6.6.3,"MondoB (Mlx-IPL, WS-bHLH)",,"mlxipl, wsbhlh, mio, chrebp, mondob, bhlhd14, wbscr14"
1.2.6.7,Subfamily: Mad-like factors,CACGTG,
1.2.6.7.1,Mad1 (MXD1),,"mxd1, mad1, bhlhc58, mad"
1.2.6.7.2,Mad3 (MXD3),,"mxd3, mad3, bhlhc13"
1.2.6.7.3,Mad4 (MXD4),,"mxd4, mad4, mstp149, mst149, bhlhc12"
1.2.6.7.4,Mad5 (MGA) =6.5.5.0.2,,"mga, kiaa0518, mad5, mxd5, flj12634"
1.2.6.7.5,Mxi-1,,"mxi1, mxd2, mad2, mxi, bhlhc11"
1.2.6.7.6,Mnt,,"mnt, rox, mxd6, mad6, bhlhd3"
1.2.8,Family: HLH domain only,,
1.2.8.0.1,Id1,,"id1, dj857m17.1.2, bhlhb24"
1.2.8.0.2,Id2,,"id2, gig8, bhlhb26"
1.2.8.0.3,Id3,,"id3, heir1, bhlhb25"
1.2.8.0.4,Id4,,"id4, bhlhb27"
1.3,Class: Basic helix-span-helix factors (bHSH),,
1.3.1,Family: AP-2,GCCTGAGGC,
1.3.1.0.1,AP-2a,,"tfap2a, ap2, tfap2, ap2tf"
1.3.1.0.2,AP-2b,,"tfap2b, ap2b"
1.3.1.0.3,AP-2g,,"tfap2c, ap2gamma, erf1, tfap2g, hap2g"
1.3.1.0.4,AP-2delta,,"tfap2d, tfap2bl1"
1.3.1.0.5,AP-2epsilon,,"tfap2e, ap2e"
None,,,
None,,,
2,Superclass: Zinc-coordinating DNA-binding domains,,
2.1,Class: Nuclear receptors with C4 zinc fingers,,
2.1.1,Family: Steroid hormone receptors (NR3),,
2.1.1.1,Subfamily: GR-like receptors (NR3C),AGAACATGATGTTCT,
2.1.1.1.1,Glucocorticoid receptor (GR) (NR3C1),,"nr3c1, gr, grl"
2.1.1.1.2,Mineralocorticoid receptor (MR) (NR3C2),,"nr3c2, mr, mlr"
2.1.1.1.3,Progesterone receptor (PR) (NR3C3),,"pgr, pr, nr3c3"
2.1.1.1.4,Androgen receptor (AR) (NR3C4),,"ar, ais, nr3c4, smax1, humara, dhtr, sbma"
2.1.1.2,Subfamily: ER-like receptors (NR3A&B),AGGTCACAGTGACCT,
2.1.1.2.1,"Estrogen receptora(ERa) (ESR1, NR3A1)",,"esr1, nr3a1, era, eralpha, esr"
2.1.1.2.2,Estrogen receptorb(ERb) (NR3A2),,"esr2, nr3a2, erb, erbeta"
2.1.1.2.3,"ERR1 (ERRa, ESRRA) (NR3B1)",,"esrra, err1, erralpha, nr3b1, erra, esrl1"
2.1.1.2.4,"ERR2 (ERRb, ESRRB) (NR3B2)",,"esrrb, err2, errbeta, nr3b2, errb, esrl2, dfnb35"
2.1.1.2.5,"ERR3 (ERRg, ESRRG) (NR3B3)",,"esrrg, nr3b3, errg, errgamma"
2.1.2,Family: Thyroid hormone receptor-related factors (NR1),,
2.1.2.1,Subfamily: Retinoic acid receptors (NR1B),TGACCTTTGACCT,
2.1.2.1.1,RAR-a(NR1B1),,"rara, rar, nr1b1"
2.1.2.1.2,RAR-b(NR1B2),,"rarb, hap, nr1b2, rrb2"
2.1.2.1.3,RAR-g(NR1B3),,"rarg, rarc, nr1b3"
2.1.2.2,Subfamily: Thyroid hormone receptors (NR1A),TGACCTGAAATGACCT,
2.1.2.2.1,T3R-a(THRA) (NR1A1),,"thra, ear7.1/ear7.2, thra3, ar7, erba, nr1a1, thra1, thra2, erba1"
2.1.2.2.2,T3R-b(NR1A2),,"thrb, thrb1, thrb2, nr1a2, thr1, erbabeta, grth, erba2, prth"
2.1.2.3,Subfamily: Rev-ErbA (NR1D),TGACCTAGTGACCT,
2.1.2.3.1,Rev-ErbAa(NR1D1),,"nr1d1, ear1, hrev, reverbaalpha, thra1, reverba, reverbalpha, thral"
2.1.2.3.2,Rev-ErbAb(NR1D2),,"nr1d2, bd73, rvr, ear1r, hzf2, hs.37288, reverbb, reverbbeta"
2.1.2.4,Subfamily: Vitamin D receptor (NR1I),TGACCTTCGTGACCT,
2.1.2.4.1,VDR (NR1I1),,"vdr, nr1i1, ppp1r163"
2.1.2.4.2,PXR (NR1I2),,"nr1i2, onr1, pxr, bxr, sxr, par2"
2.1.2.4.3,CAR (NR1I3),,"nr1i3, mb67, car1, car"
2.1.2.5,Subfamily: PPAR (NR1C),TGACCTTTGACCT,
2.1.2.5.1,PPARa(NR1C1),,"ppara, hppar, nr1c1, ppar"
2.1.2.5.2,PPARb(PPARdelta) (NR1C2),,"ppard, nuc1, nucii, faar, nr1c2"
2.1.2.5.3,PPARg(NR1C3),,"pparg, pparg1, pparg2, nr1c3, ppargamma"
2.1.2.6,Subfamily: ROR (NR1F),TGACCTACTTAT,
2.1.2.6.1,RORa(NR1F1),,"rora, rzra, ror1, ror2, ror3, nr1f1"
2.1.2.6.2,RORb(NR1F2),,"rorb, rzrb, nr1f2, rorbeta"
2.1.2.6.3,RORg(NR1F3),,"rorc, rzrg, rorg, nr1f3, tor"
2.1.2.7,Subfamily: LXR (NR1H),TGACCTCTACTGACCT,
2.1.2.7.1,LXRa(NR1H3),,"nr1h3, lxra, rld1, lxra"
2.1.2.7.2,LXRb(NR1H2),,"nr1h2, ner, neri, rip15, lxrb, lxrb, unr"
2.1.2.7.3,FXR (NR1H4),,"nr1h4, fxr, rip14, hrr1, hrr1"
2.1.3,Family: RXR-related receptors (NR2),(TGACCT),
2.1.3.1,Subfamily: Retinoid X receptors (NR2B),(TGACCT),
2.1.3.1.1,RXRa(NR2B1),,"rxra, nr2b1"
2.1.3.1.2,RXRb(NR2B2),,"rxrb, nr2b2, h2riibp, rcor1"
2.1.3.1.3,RXRg(NR2B3),,"rxrg, nr2b3"
2.1.3.2,Subfamily: HNF-4 (NR2A),AGTCCAAAGTTCA,
2.1.3.2.1,HNF-4a(NR2A1),,"hnf4a, nr2a1, hnf4, tcf14, mody, mody1"
2.1.3.2.2,HNF-4g(NR2A2),,"hnf4g, nr2a2"
2.1.3.3,Subfamily: Tailless-like receptors (NR2E),TGACCTTTGACCT,
2.1.3.3.1,Tlx (NR2E1),,"nr2e1, tll, xtll, tlx"
2.1.3.3.2,PNR (NR2E3),,"nr2e3, pnr, rd7, rp37"
2.1.3.4,Subfamily: Testicular receptors (NR2C),TGACCTCTGACCT,
2.1.3.4.1,TR2 (NR2C1),,"nr2c1, tr211, tr2"
2.1.3.4.2,TR4 (NR2C2),,"nr2c2, tak1, tr2r1, htak1, tr4"
2.1.3.5,Subfamily: COUP-like receptors (NR2F),TGACCTTTGACCT,
2.1.3.5.1,COUP-TFI (NR2F1),,"nr2f1, ear3, couptfi, tcfcoup1, svp44, couptf1, erbal3, tfcoup1"
2.1.3.5.2,COUP-TFII (NR2F2),,"nr2f2, couptfii, couptfb, svp40, nfe3, couptf2, arp1, tfcoup2"
2.1.3.5.3,EAR2 (NR2F6),,"nr2f6, ear2, ear2, erbal2"
2.1.4,Family: NGFI-B-related receptors (NR4),TGACCTTT,
2.1.4.0.1,"NGFI-B (Nur77, NR4A1)",,"nr4a1, tr3, n10, nak1, ngfib, nur77, hmr, gfrp1"
2.1.4.0.2,NURR1 (NR4A2),,"nr4a2, tinur, not, rnr1, hzf3, nurr1"
2.1.4.0.3,"NOR1 (NR4A3, TEC)",,"tec, psctk4"
2.1.5,Family: FTZ-F1-related receptors (NR5),TGACCTTG,
2.1.5.0.1,FTZ-F1 (SF-1) (NR5A1),,"nr5a2, ftzf1beta, hb1f, lrh1, ftzf1, hb1f2, b1f2, lrh1, ftf"
2.1.5.0.2,LRH-1 (NR5A2),,"nr5a2, ftzf1beta, hb1f, lrh1, ftzf1, hb1f2, b1f2, lrh1, ftf"
2.1.6,Family: GCNF-related receptors (NR6),TGAACTTGACTTGA,
2.1.6.0.1,GCNF (NR6A1),,"nr6a1, gcnf1, rtr, ct150, gcnf"
2.1.7,Family: DAX-related receptors (NR0),TGACCTT,
2.1.7.0.1,DAX1 (NR0B1),,"nr0b1, dax1, ahch, ahc, dss"
2.1.7.0.2,SHP (NR0B2),,"nr0b2, shp"
2.2,Class: Other C4 zinc finger-type factors,,
2.2.1,Family: GATA-type zinc fingers,,
2.2.1.1,Subfamily: Two zinc-finger GATA factors,AGATAA,
2.2.1.1.1,"GATA-1 (GF-1, EryF1, NF-E1)",,"gata1, eryf1, nfe1, gata1, nfe1, gf1"
2.2.1.1.2,GATA-2,,"gata2, nfe1b"
2.2.1.1.3,GATA-3,,"gata3, hdr"
2.2.1.1.4,GATA-4,,gata4
2.2.1.1.5,GATA-5,,"gata5, bb379o24.1, gatas"
2.2.1.1.6,GATA-6,,gata6
2.2.1.2,Subfamily: Single GATA-type zinc-finger,AGATAA,
2.2.1.2.1,GATAD1 (ODAG),,"gatad1, odag, rg083m05.2, flj22489"
2.2.1.2.2,p66-a(GATAD2A),,"gatad2a, p66alpha"
2.2.1.2.3,p66-b(GATAD2B),,"gatad2b, p66beta"
2.2.1.2.4,"RERE (ARG, ARP, ATN1L) =3.5.1.3.7",,"rere, kiaa0458, arp, arg, dnb1, atn1l"
2.2.1.2.5,MTA1 =3.5.1.3.4,,mta1
2.2.1.2.6,"MTA2 (MTA1L1, PID) =3.5.1.3.5",,"mta2, mta1l1, mta1l1"
2.2.1.2.7,MTA3 =3.5.1.3.6,,"mta3, kiaa1266"
2.2.1.2.8,ZGLP1 (GLP-1),,"zglp1, glp1, glp1, gatad3"
2.2.1.2.9,DNMT3A,,dnmt3a
2.2.1.2.10,DNMT3B,,dnmt3b
2.2.1.2.11,DNMT3L,,"dnmt3l, mgc1090"
2.2.1.2.12,"ATRX (RAD54L, XH2)",,"atrx, xh2, xnp, rad54, jms, mrx52"
2.2.1.2.13,TRPS1 (GC79) =2.3.4.0.20,,"trps1, lgcr, gc79"
2.3,Class: C2H2 zinc finger factors,,
2.3.1,Family: Three-zinc finger Krppel-related factors,,
2.3.1.1,Subfamily: Sp1-like factors,GGGGCGGGG,
2.3.1.1.1,Sp1,,sp1
2.3.1.1.2,Sp2,,"sp2, kiaa0048"
2.3.1.1.3,Sp3,,"sp3, spr2"
2.3.1.1.4,Sp4,,"sp4, spr1, hf1b, mgc130008, mgc130009"
2.3.1.1.5,Sp5,,sp5
2.3.1.1.6,Sp6,,"sp6, klf14, epfn"
2.3.1.1.7,Sp7,,"sp7, osterix, osx"
2.3.1.1.8,Sp8,,sp8
2.3.1.1.9,Sp9,,"sp9, znf990"
2.3.1.2,Subfamily: Krppel-like factors,CCACACCCT,
2.3.1.2.1,KLF1 (EKLF),,"klf1, eklf"
2.3.1.2.2,KLF2 (LKLF),,"klf2, lklf"
2.3.1.2.3,KLF3 (BKLF),,"klf3, bklf"
2.3.1.2.4,KLF4 (GKLF),,"klf4, ezf, gklf"
2.3.1.2.5,"KLF5 (CKLF, IKLF, BTEB2)",,"klf5, iklf, cklf, bteb2"
2.3.1.2.6,"KLF6 (CPBP, BCD1)",,"klf6, cpbp, gbf, zf9, pac1, bcd1, st12, copeb"
2.3.1.2.7,KLF7 (UKLF),,"klf7, uklf"
2.3.1.2.8,KLF8 (BKLF),,"klf8, bklf3, znf741, dxs741"
2.3.1.2.9,KLF9 (BTEB1),,"klf9, bteb1"
2.3.1.2.10,KLF10 (TIEG1),,"klf10, egra, tieg1, tieg"
2.3.1.2.11,"KLF11 (FKLF, TIEG2)",,"klf11, tieg3, mody7, tieg2"
2.3.1.2.12,KLF12 (AP-2rep),,"klf12, ap2rep, hspc122, ap2rep"
2.3.1.2.13,"KLF13 (BTEB3, NSLP1)",,"klf13, rflat1, bteb3, nslp1, fklf2"
2.3.1.2.14,KLF14 (BTEB5),,"klf14, bteb5"
2.3.1.2.15,KLF15 (KKLF),,"klf15, kklf"
2.3.1.2.16,"KLF16 (BTEB4, NSLP2)",,"klf16, nslp2, bteb4, drrf"
2.3.1.2.17,KLF17,,"klf17, zfp393, flj40160, znf393"
2.3.1.3,Subfamily: EGR factors,GCGTGGGCG,
2.3.1.3.1,"EGR1 (Krox-24, Zif268)",,"egr1, tis8, g0s30, ngfia, krox24, zif268, at225, znf225"
2.3.1.3.2,EGR2 (Krox-20),,"egr2, krox20"
2.3.1.3.3,EGR3 (PILOT),,"egr3, pilot"
2.3.1.3.4,EGR4,,"egr4, ngfic, pat133"
2.3.2,Family: Other factors with up to three adjacent zinc fingers,,
2.3.2.1,Subfamily: Factors with 2-3 adjacent zinc fingers,TCCTGCTA,
None,and a BTB/POZ domain,,
2.3.2.1.1,ZBTB5 [2],,"zbtb5, kiaa0354"
2.3.2.1.2,ZBTB8B [2],,"zbtb8b, rp127o5.1, dkfzp547h154, znf916b"
2.3.2.1.6,"ZBTB22 (ZNF297, BING1) [3]",,"zbtb22, bing1, znf297a, fruitless, fru, zbtb22a, znf297"
2.3.2.1.7,"ZBTB32 (ZNF538, FAZF) [3]",,"zbtb32, tzfp, fazf, faxf, rog, znf538"
2.3.2.1.8,ZBTB34 [3],,"zbtb34, kiaa1993, mgc24652, znf918"
2.3.2.1.9,ZBTB37 [3],,"zbtb37, mgc2629, znf908"
2.3.2.1.10,"ZBTB43 (ZBTB22B, ZNF297B) [3]",,"zbtb43, kiaa0414, znfx, flj22470, zbtb22b, znf297b"
2.3.2.1.11,"ZBTB46 (BTBD4, ZNF340) [2]",,"zbtb46, flj13502, rinzf, bzel, znf340, btbd4"
2.3.2.1.12,"ZBTB33 (KAISO, ZNF348) [3]",,"zbtb33, znfkaiso, kaiso, wugsc:h_dj525n14.1, kaiso, znf348"
2.3.2.2,Subfamily: Factors with 2-3 adjacent zinc fingers,,
None,and a KRAB domain,,
2.3.2.3,Subfamily: Factors with 2-3 adjacent zinc fingers,,
None,and a SCAN domain,,
2.3.2.4,Subfamily: Other three adjacent zinc finger factors,,
2.3.2.4.1,ZNF414 (Zfp414) [3],,"znf414, mgc15716, zfp414"
2.3.2.4.2,ZNF511 (Zfp511) [3],,"znf511, mgc30006"
2.3.2.4.3,ZNF580 (Zfp580) [3],,znf580
2.3.2.4.5,ZNF740 (ZFP740) [3],,"znf740, zfp740"
2.3.2.4.6,"ZFPM2 (ZNF89B, FOG2) =2.7.2.0.2[3]",,"zfpm2, fog2, hfog2, znf89b, zc2hc11b"
2.3.2.4.7,OSR1 (ODD) [3],,"osr1, odd"
2.3.2.4.8,OVOL3 (OVL2L) [4],,"ovol3, hovo3"
2.3.2.4.9,AEBP2 [2],,"aebp2, mgc17922"
2.3.3,Family: More than 3 adjacent zinc finger factors,,
2.3.3.1,Subfamily: GLI-like factors,TGGGTGGTC,
2.3.3.1.1,GLI1 [5],,"gli1, gli"
2.3.3.1.2,GLI2 [5],,"gli2, thp2, hpe9, thp1"
2.3.3.1.3,GLI3 [5],,"gli3, papa, papa, papa1, papb, acls, ppdiv, gcps, phs"
2.3.3.1.4,GLIS1 [5],,"glis1, flj36155"
2.3.3.1.5,GLIS2 (NKL) [5],,"glis2, nphp7"
2.3.3.1.6,GLIS3 (ZNF515) [5],,"glis3, mgc33662, znf515"
2.3.3.1.7,ZIC1 (ZNF201) [5],,"zic1, zic, znf201"
2.3.3.1.8,ZIC2 [5],,"zic2, hpe5"
2.3.3.1.9,ZIC3 (ZNF203) [5],,"zic3, htx, znf203, htx1"
2.3.3.1.10,ZIC4 [5],,zic4
2.3.3.1.11,ZIC5 [4],,zic5
2.3.3.2,Subfamily: Snail-like factors,CACCTG,
2.3.3.2.1,SNAI1 [4],,"snai1, sna, slugh2, snah, snail1, snail"
2.3.3.2.2,SNAI2 (SLUG) [5],,"snai2, slugh1, snail2, slugh, slug"
2.3.3.2.3,SNAI3 (ZNF293) [5],,"snai3, smuc, zfp293, znf293"
2.3.3.2.4,SCRT1 [5],,"scrt1, dkfzp547f072, znf898"
2.3.3.2.5,SCRT2 [5],,"scrt2, znf898b"
2.3.3.3,Subfamily: ZFP91-like factors,,
2.3.3.3.1,ZFP91 (ZNF757) [5],,"zfp91, pzf, znf757"
2.3.3.3.2,ZNF692 [5],,"znf692, flj20531, zfp692, arebp"
2.3.3.3.3,"ZNF276 (ZFP276, ZNF477) [5]",,"znf276, mgc45417, znf477, cenpz, cenpz, zadt, zfp276"
2.3.3.3.4,ZNF653 (ZIP67) [5],,"znf653, zip67"
2.3.3.4,Subfamily: ZNF280-like zinc finger factors,,
2.3.3.4.2,"ZNF280B (SUHW2, ZNF279, ZNF632, Zfp280b) [4]",,"znf280b, 5'oy11.1, znf632, znf279, suhw2"
2.3.3.4.3,"ZNF280C (SUHW3, ZNF633, Zfp280c) [5]",,"znf280c, flj20095, znf633, zpet, suhw3"
2.3.3.4.4,"ZNF280D (SUHW4, ZNF634) [5]",,"znf280d, flj20086, znf634, suhw4"
2.3.3.4.5,"POGZ (SUHW5, ZNF280E, ZNF635) [9]",,"pogz, kiaa0461, znf635m, znf280e"
2.3.3.5,Subfamily: ZSCAN5-like zinc finger factors,,
2.3.3.6,Subfamily: ZNF75-like zinc finger factors,,
2.3.3.7,Subfamily: ZNF705 factors,,
2.3.3.8,Subfamily: ZBTB7 factors,GACCCC,
2.3.3.8.1,ZBTB7A [4],,"zbtb7a, fbi1, lrf, dkfzp547o146, pokemon, znf857a, zbtb7"
2.3.3.8.2,ZBTB7B [4],,"zbtb7b, zbtb15, ckrox, hckrox, znf857b, zfp67"
2.3.3.8.3,ZBTB7C [4],,"zbtb7c, znf857c, zbtb36"
2.3.3.9,Subfamily: YY1-like factors,GCCATCTTG,
2.3.3.9.1,YY1 [4],,"yy1, nfe1, delta, ucrbp, yinyang1, ino80s"
2.3.3.9.2,YY2 (ZNF631) [4],,"yy2, znf631"
2.3.3.9.3,"ZFP42 (REX1, ZNF754) [4]",,"zfp42, rex1, znf754"
2.3.3.10,Subfamily: ZNF24-like factors,TCAT,
2.3.3.10.1,"ZNF24 (KOX17, ZNF191, ZSCAN3) [4]",,"znf24, zscan3, zfp191, kox17, znf191"
2.3.3.10.6,"ZKSCAN1 (KOX18, ZNF139, ZNF36) [6]",,"zkscan1, kox18, phz37, zscan33, znf139, znf36"
2.3.3.11,Subfamily: ZBTB6-like factors,,
2.3.3.11.1,"ZBTB6 (ZID, ZNF482) [4]",,"zbtb6, zid, znf482"
2.3.3.11.2,ZBTB26 (ZNF481) [4],,"zbtb26, znf481"
2.3.3.11.3,ZBTB12 (NG35) [4],,"zbtb12, g10, ng35, d6s59e, c6orf46"
2.3.3.12,Subfamily: PRDM1-like factors,AAGTGAAAGT,
2.3.3.12.1,PRDM1 (BLIMP1) [4],,"prdm1, prdibf1, blimp1"
2.3.3.13,Subfamily: ZNF148-like factors,CACCC,
2.3.3.13.1,"ZNF148 (ZBP89, Zfp148) [4]",,"znf148, berf1, zbp89, bfcol1, htbeta, zfp148, phz52"
2.3.3.13.2,"ZNF281 (GZP1, ZBP99, Zfp281) [4]",,"znf281, zbp99"
2.3.3.14,Subfamily: ZBTB20-like factors,,
2.3.3.14.1,"ZBTB20 (DPZF, ZNF288, HOF) [5]",,"zbtb20, oda8s, dkfzp566f123, dpzf, znf288"
2.3.3.14.2,ZBTB45 (ZNF499) [4],,"zbtb45, flj14486, znf499"
2.3.3.15,Subfamily: ZNF524-like factors,,
2.3.3.15.1,ZNF524 (Zfp524) [4],,"znf524, mgc23143"
2.3.3.16,Subfamily: ZNF238-like factors,AACATCTGGA,
2.3.3.16.1,"ZNF238 (RP58, TAZ1, ZBTB18) [4]",,"zbtb18, c2h2171, taz1, rp58, znf238"
2.3.3.16.2,ZBTB42 [4],,"zbtb42, znf925"
2.3.3.17,Subfamily: OVOL-factors,GCGGGGG,
2.3.3.17.1,OVOL1 [4],,"ovol1, hovo1"
2.3.3.17.2,"OVOL2 (mOVO, ZNF339) [4]",,"ovol2, ba504h3.3, hovo2, ched, znf339, ched1"
2.3.3.18,Subfamily: ZNF56-like factors,,
2.3.3.19,Subfamily: ZNF500-like factors,,
2.3.3.19.3,ZKSCAN2 (ZNF694) [6],,"zkscan2, flj23199, zscan34, znf694"
2.3.3.19.4,ZSCAN29 (ZNF690) [6],,"zscan29, flj35867, zfp690, znf690"
2.3.3.20,Subfamily: FEZF factors,,
2.3.3.20.1,FEZF1 (ZNF312B) [6],,"fezf1, znf312b"
2.3.3.20.2,"FEZF2 (FEZL, ZNF312) [6]",,"fezf2, flj10142, fksg36, tof, fezl, zfp312, znf312"
2.3.3.21,Subfamily: GFI1 factors,AAATCACAGC,
2.3.3.21.1,GFI1 (ZNF163) [6],,"gfi1, gfi1a, gfi1, znf163"
2.3.3.21.2,GFI1B [6],,"gfi1b, znf163b"
2.3.3.22,Subfamily: BCL6 factors,CTTTCTAGGAAT,
2.3.3.22.1,"BCL6B (BAZF, ZNF62) [5]",,"bcl6b, zbtb28, bazf, znf62"
2.3.3.22.2,"BCL6 (LAZ3, ZBTB27, ZNF51) [6]",,"bcl6, zbtb27, laz3, bcl5, bcl6a, znf51"
2.3.3.23,Subfamily: ZNF212-like factors,,
2.3.3.24,Subfamily: MTF1-like factors,TGCACAC,
2.3.3.24.1,MTF1 [6],,mtf1
2.3.3.24.2,"ZNF410 (APA1, Zfp410) [5]",,"znf410, apa1, apa1"
2.3.3.25,Subfamily: PLAG factors,,
2.3.3.25.1,PLAGL2 [6],,"plagl2, znf900"
2.3.3.25.2,PLAG1 [7],,"plag1, znf912"
2.3.3.25.3,"PLAGL1 (LOT1, ZAC) [7]",,"plagl1, zac, lot1"
2.3.3.26,Subfamily: ZKSCAN3-like factors,TGAGGGG,
2.3.3.26.1,"ZKSCAN3 (ZFP47, ZNF306, ZNF309, ZSCAN13) [7]",,"zkscan3, zfp47, zf47, zscan35, znf306, znf309"
2.3.3.26.2,"ZKSCAN4 (ZNF307, ZNF427) [7]",,"zkscan4, p373c6.1, p1p373c6, flj32136, zscan36, znf307, znf427"
2.3.3.27,Subfamily: ZNF525-like factors,,
2.3.3.28,Subfamily: ZNF76-like factors,CCCATCATGCCTTGC,
2.3.3.28.1,"ZNF76 (ZNF523, Zfp523) [7]",,"znf76, zfp523, znf523, d6s229e"
2.3.3.28.2,"ZNF143 (SBF, STAF) [7]",,"znf143, sbf, phz1, staf"
2.3.3.29,Subfamily: ZNF652-like factors,,
2.3.3.29.1,ZNF652 (ZFP652) [9],,"znf652, kiaa0924"
2.3.3.30,Subfamily: ZNF350-like factors,TGGgttCAGactTTG,
2.3.3.31,Subfamily: ZNF642-like factors,,
2.3.3.31.4,ZNF583 [12],,"znf583, flj31030"
2.3.3.32,Subfamily: ZNF679-like factors,,
2.3.3.33,Subfamily: ZNF763-like factors,,
2.3.3.34,Subfamily: ZNF3-like factors,,
2.3.3.35,Subfamily: ZNF620-like factors,,
2.3.3.36,Subfamily: ZNF324 factors,,
2.3.3.37,Subfamily: ZNF362-like factors,,
2.3.3.38,Subfamily: ZNF282-like factors,TCCACCCC,
2.3.3.39,Subfamily: ZNF764-like factors,,
2.3.3.39.3,ZNF771 [8],,"znf771, dsc43"
2.3.3.40,Subfamily: ZNF177-like factors,,
2.3.3.41,Subfamily: ZNF32-like factors,,
2.3.3.41.1,"ZNF32 (KOX30, Zfp637) [7]",,"znf32, kox30"
2.3.3.41.2,ZIK1 (ZNF762) [9],,"zik1, znf762"
2.3.3.42,Subfamily: ZNF773-like factors,,
2.3.3.43,Subfamily: ZNF558-like factors,,
2.3.3.44,Subfamily: ZNF302-like factors,,
2.3.3.44.2,"ZNF2 (ZNF661, Zfp661) [9]",,"znf2, a15, znf661, zfp661"
2.3.3.45,Subfamily: ZNF562-like factors,,
2.3.3.46,Subfamily: ZXD-factors,,
2.3.3.46.2,ZXDB [10],,"zxdb, znf905"
2.3.3.46.3,ZXDC (ZXDL) [10],,"zxdc, mgc11349, flj13861"
2.3.3.47,Subfamily: ZNF222-like factors,,
2.3.3.48,Subfamily: ZNF736-like factors,,
2.3.3.49,Subfamily: ZNF286 factors,,
2.3.3.50,Subfamily: CTCF-like factors,,
2.3.3.50.1,CTCF [11],,ctcf
2.3.3.50.2,"CTCFL (CTCF-T, BORIS) [11]",,"ctcfl, dj579f20.2, boris, ct27"
2.3.3.51,Subfamily: ZNF366-like factors,,
2.3.3.51.2,ZNF710 (Zfp710) [11],,"znf710, dkfzp547k1113, flj37393, flj00306"
2.3.3.52,Subfamily: ZNF322-like factors,,
2.3.3.52.1,"ZNF322A (ZNF322, ZNF388, ZNF489, Zfp322A) [11]",,"znf322, ba457m11.3, ba457m11.2, znf489, znf388, hcg12, znf322a"
2.3.3.53,Subfamily: ZNF548-like factors,,
2.3.3.54,Subfamily: ZNF460-like factors,,
2.3.3.55,Subfamily: ZNF146-like factors,,
2.3.3.55.1,ZNF146 [10],,"znf146, ozf"
2.3.3.55.2,ZNF260 (ZFP260) [13],,"znf260, ozrf1, zfp260"
2.3.3.56,Subfamily: ZNF214-like factors,,
2.3.3.57,Subfamily: ZNF479-like factors,,
2.3.3.58,Subfamily: ZNF180-like factors,,
2.3.3.58.3,ZNF436 (Zfp46) [12],,"znf436, kiaa1710, zfp46"
2.3.3.58.6,"ZSCAN2 (ZFP29, ZNF854) [14]",,"zscan2, flj20595, znf854, zfp29"
2.3.3.59,Subfamily: ZNF100-like factors,,
2.3.3.59.3,"ZNF431 (Zfp431, Zfp923) [13]",,"znf431, kiaa1969"
2.3.3.60,Subfamily: ZNF98-like factors,,
2.3.3.61,Subfamily: ZNF343-like factors,,
2.3.3.62,Subfamily: ZFP2-like factors,,
2.3.3.62.1,"ZFP2 (ZNF751, Mkr2) [13]",,"zfp2, flj21628, znf751"
2.3.3.63,Subfamily: ZFP30-like factors,,
2.3.3.63.1,ZFP30 (ZNF745) [13],,"zfp30, znf745, kiaa0961"
2.3.3.63.2,ZFP82 (ZNF545) [13],,"zfp82, mgc45380, kiaa1948, znf545"
2.3.3.63.3,ZFP14 (ZNF531) [13],,"zfp14, kiaa1559, znf531"
2.3.3.64,Subfamily: ZNF354A-like factors,,
2.3.3.64.1,"ZNF354A (EZNF, HKL1, TCF17, Zfp354a) [13]",,"znf354a, kid1, eznf, hkl1, kid1, tcf17"
2.3.3.64.2,ZNF354B (Zfp354b) [13],,"znf354b, kid2, flj25008"
2.3.3.65,Subfamily: ZFX/ZFY factors,AGGCCC,
2.3.3.65.1,ZFX [13],,"zfx, znf926"
2.3.3.65.2,ZFY-1 [13],,ZFY1 [13]
2.3.3.65.3,ZFY-2 [13],,ZFY2 [13]
2.3.3.66,Subfamily: ZNF689-like factors,,
2.3.3.66.1,ZNF689 (Zfp689) [12],,"znf689, flj90415, tipuh1"
2.3.3.66.2,ZNF672 (Zfp672) [14],,"znf672, flj22301"
2.3.3.67,Subfamily: ZFN283-like factors,,
2.3.3.68,Subfamily: ZFN81-like factors,,
2.3.3.69,Subfamily: ZFN25-like factors,,
2.3.3.69.3,ZFP37 [12],,"zfp37, znf906"
2.3.3.70,Subfamily: ZFN26-like factors,,
2.3.3.71,Subfamily: ZFN300-like factors,,
2.3.3.72,Subfamily: ZFN813-like factors,,
2.3.3.73,Subfamily: ZNF816A-like factors,,
2.3.3.74,Subfamily: ZNF442-like factors,,
2.3.3.75,Subfamily: ZNF432-like factors,,
2.3.3.76,Subfamily: ZNF665-like factors,,
2.3.3.77,Subfamily: ZNF595-like factors,,
2.3.3.78,Subfamily: ZNF14-like factors,,
2.3.3.79,Subfamily: ZNF841-like factors,,
2.3.3.80,Subfamily: ZNF99-like factors,,
2.3.3.0,Subfamily: unclassified,,
2.3.3.0.1,"ZFP161 (ZBTB14, ZNF478, Zfp5)",CTACCTGCACAGTTCACGGA,"zbtb14, znf478, zfp161"
2.3.3.0.3,"ZNF496 (ZKSCAN17, Zfp496)",,"znf496, zkscan17, mgc15548, zscan49"
2.3.3.0.9,OSR2,,"osr2, flj90037"
2.3.3.0.13,"ZNF22 (KOX15, KROX26, Zfp422)",CAATG,"znf22, kox15, hkrt1, znf422, zfp422"
2.3.3.0.17,ZFP41,,"zfp41, flj38705, flj00028, znf753"
2.3.3.0.20,"ZNF18 (KOX11, ZKSCAN6, ZNF535, Zfp18, Zfp535)",,"znf18, zkscan6, kox11, hdsg1, zfp535, znf535, zscan38"
2.3.3.0.21,WT1,CGCCCCCGC,"wt1, wagr, wit2, awt1, nphs4, gud"
2.3.3.0.23,PRDM6 (PFM3),,"prdm6, prism, kmt8c"
2.3.3.0.24,"ZNF444 (EZF2, ZSCAN17, Zfp44)",,"znf444, zscan17, flj11137, ezf2"
2.3.3.0.25,ZNF641 (Zfp641),,"znf641, flj31295"
2.3.3.0.26,"ZNF746 (PARIS, Zfp746)",TATTTTT,"znf746, flj31413, paris"
2.3.3.0.28,"ZBTB44 (BTBD15, ZNF851)",,"zbtb44, hspc063, znf851, btbd15"
2.3.3.0.31,"ZNF655 (VIK, Zfp655) [6]",,"znf655, vik1, vik"
2.3.3.0.34,ZNF131 [6],,"znf131, zbtb35, phz10"
2.3.3.0.35,PRDM14 [6],GGTCTCTAA,prdm14
2.3.3.0.37,ZNF575 (Zfp575) [6],,"znf575, flj32567"
2.3.3.0.38,ZBTB49 [7],,"zbtb49, flj38559, znf509"
2.3.3.0.39,ZNF691 (Zfp691) [7],,"znf691, zfp691"
2.3.3.0.40,"ZNF394 (ZKSCAN14, Zfp394, Zfp99) [7]",,"znf394, zkscan14, flj12298, zscan46"
2.3.3.0.41,"ZNF449 (ZSCAN19, Zfp449) [7]",,"znf449, zscan19, flj23614"
2.3.3.0.42,"ZNF498 (ZSCAN25, Zfp498) [7]",,"zscan25, flj32468, znf498"
2.3.3.0.43,"ZSCAN30 (ZNF397OS, Zfp397OS) [7]",,"zscan30, znf917, znf397os"
2.3.3.0.47,"ZSCAN21 (ZFP38, ZNF38, Zipro1) [7]",,"zscan21, dkfzp434l134, nyren21, zipro1, znf38"
2.3.3.0.54,"MYNN (OSZF, ZBTB31) [8]",,"mynn, sbbiz1, zbtb31, znf902"
2.3.3.0.55,ZBTB24 (ZNF450) [8],,"zbtb24, kiaa0441, bif1, patz2, znf450"
2.3.3.0.57,ZFP92 [8],,"zfp92, znf897"
2.3.3.0.60,"ZNF202 (ZKSCAN10, Zfp202) [8]",GGGGTGGGGT,"znf202, zkscan10, zscan42"
2.3.3.0.69,"ZNF187 (ZSCAN26, SRE-ZBP, Zfp187) [8]",,"zscan26, srezbp, znf187"
2.3.3.0.70,"ZSCAN22 (HKR2, ZNF50) [8]",,"zscan22, znf50, hkr2"
2.3.3.0.72,ZFP1 (ZNF475) [8],,"zfp1, flj34243, znf475"
2.3.3.0.74,"ZBTB16 (PLZF, ZNF145) [9]",TAAAGTTTGATCTGTTC,"zbtb16, plzf, znf145"
2.3.3.0.75,GTF3A (TFIIIA) [9],,"gtf3a, tfiiia, ap2"
2.3.3.0.76,ZFP64 [9],,"zfp64, flj10734, dj831d17.1, flj12628, dj548g19.1, znf338"
2.3.3.0.77,ZNF358 (Zfp358) [9],,"znf358, flj10390, zfend"
2.3.3.0.79,"ZNF263 (FPM315, ZKSCAN12, Zfp263) [9]",GGGAGGAGG,"znf263, fpm315, zkscan12, zscan44"
2.3.3.0.81,"ZNF192 (ZKSCAN8, LD5-1, Zfp192) [9]",,"zkscan8, ld51, zscan40, znf192"
2.3.3.0.83,"ZNF239 (HOK-2, MOK-2, Zfp239) [9]",,"znf239, mok2, hok2"
2.3.3.0.84,"ZNF664 (ZFOC1, ZNF196, Zfp664) [9]",,"znf664, zfoc1, dkfzp761b128, znf176"
2.3.3.0.92,"GZF1 (ZBTB23, ZNF336) [10]",TGCGCGTCTATA,"gzf1, dj322g13.2, zbtb23, znf336"
2.3.3.0.93,"ZNF408 (PFM14, PRDM17, Zfp408) [10]",,"znf408, flj12827"
2.3.3.0.94,ZNF648 (Zfp648) [10],,"znf648, flj46813"
2.3.3.0.95,ZNF768 (Zfp768) [10],,"znf768, flj23436"
2.3.3.0.101,ZNF483 (ZKSCAN16) [11],,"znf483, zkscan16, kiaa1962, zscan48"
2.3.3.0.102,"ZBTB48 (HKR3, ZNF855) [11]",,"zbtb48, znf855, tzap, hkr3"
2.3.3.0.103,ZNF275 (Zfp275) [11],,znf275
2.3.3.0.114,ZNF354C (KID3) [11],CCACC,"znf354c, kid3"
2.3.3.0.120,"ZSCAN12 (ZNF305, ZNF96) [11]",,"zscan12, kiaa0426, znf29k1, zfp96, dj29k1.2, znf305, znf96"
2.3.3.0.123,ZBTB40 [12],,"zbtb40, kiaa0478, znf923"
2.3.3.0.125,ZNF454 (Zfp454) [12],,"znf454, flj37444"
2.3.3.0.148,ZNF329 (Zfp329) [12],,"znf329, flj12586"
2.3.3.0.149,ZFP90 (ZNF756) [13],,"zfp90, kiaa1954, nk10, znf756"
2.3.3.0.150,ZNF317 (Zfp317) [13],,znf317
2.3.3.0.152,"MZF1 (ZNF42, ZSCAN6) [13]",AGTGGGGA,"mzf1, zscan6, mzf1b, mzf1, zfp98, znf42"
2.3.3.0.157,ZNF879 (Zfp879) [13],,"znf879, dkfzp686e2433"
2.3.3.0.159,"ZNF167 (ZKSCAN7, ZNF448, ZNF64, Zfp167) [13]",,"zkscan7, flj12738, zscan39, znf64, znf448, znf167"
2.3.3.0.160,"ZNF250 (ZNF647, Zfp647) [13]",,"znf250, mgc9718, zfp647, znf647"
2.3.3.0.162,ZFP3 (ZNF752) [13],,"zfp3, flj30726, znf752"
2.3.3.0.166,"ZNF311 (ZFP31, Zscan20) [14]",,znf311
2.3.3.0.167,"ZNF551 (KOX23, Zfp551) [14]",,"znf551, dkfzp686h1038"
2.3.3.0.169,ZSCAN10 (ZNF206) [14],GCGCATGCGC,"zscan10, znf206"
2.3.3.0.174,ZNF287 (ZKSCAN13) [14],,"znf287, zkscan13, zscan45"
2.3.3.0.179,ZNF667 [15],,"znf667, flj14011"
2.3.3.0.192,ZFP28 [15],,"zfp28, kiaa1431, mkr5"
2.3.3.0.193,"ZNF182 (KOX14, ZNF21, Zfp182) [15]",,"znf182, kox14, hhz150, zfp182, znf21"
2.3.3.0.195,PRDM5 (PFM2) [16],GGAGAGCAGG,"prdm5, pfm2"
2.3.3.0.196,RBAK (ZNF769) [16],,"rbak, znf769"
2.3.3.0.197,ZNF189 (Zfp189) [16],,znf189
2.3.3.0.215,ZNF569 (Zfp74) [18],,"znf569, flj32053, zap1"
2.3.3.0.219,"ZNF271 (HZF7, ZNF-dp, ZNFEB, Zfp35) [19]",,"znf271p, hzf7, znfeb, znf271"
2.3.3.0.220,ZNF184 (Zfp184) [19],,znf184
2.3.3.0.231,ZFP62 [23],,"zfp62, flj34231, zet, znf755"
2.3.4,Family: Factors with multiple dispersed zinc fingers,,
2.3.4.1,Subfamily: ZNF417-like factors,,
2.3.4.2,Subfamily: ZNF219-like factors,CCCCCA,
2.3.4.2.1,ZNF219 (Zfp219) [2+1+2+1],,znf219
2.3.4.2.2,ZNF536 (Zfp536) [2+4+1+2],,"znf536, kiaa0390"
2.3.4.2.3,ZNF516 (Zfp516) [2+5+1+1+1],,"znf516, hst287, kiaa0222"
2.3.4.2.4,ZNF217 (ZABC1) [1+3+1+2],,"znf217, zabc1"
2.3.4.3,Subfamily: Sal-like factors,,
2.3.4.3.1,"SALL1 (Spalt-1, Sal-1, ZNF794) [2+3+2+2]",,"sall1, hsal1, znf794, tbs"
2.3.4.3.2,"SALL2 (Spalt-2, Sal-2, ZNF795) [2+3+2]",,"sall2, kiaa0360, hsal2, znf795"
2.3.4.3.3,"SALL3 (Sal-3, ZNF796) [2+3+2+2]",,"sall3, znf796"
2.3.4.3.4,SALL4 (ZNF797) [2+3+2+2],,"sall4, dj1112f19.1, znf797"
2.3.4.4,Subfamily: Ikaros,TTGGGAAT,
2.3.4.4.1,"IKZF1 (IK1, IKAROS, Lyf-1, ZNFN1A1) [4+2]",,"ikzf1, hik1, lyf1, hs.54452, ikaros, ppp1r92, znfn1a1"
2.3.4.4.2,"IKZF2 (HELIOS, ZNFN1A2, Zfpn1a2) [4+2]",,"ikzf2, helios, znfn1a2"
2.3.4.4.3,"IKZF3 (Aiolos, ZNFN1A3) [4+2]",,"ikzf3, aiolos, znfn1a3"
2.3.4.4.4,"IKZF4 (EOS, ZNFN1A4, Zfpn1a4) [4+2]",,"ikzf4, eos, znfn1a4"
2.3.4.4.5,"IKZF5 (Pegasus, ZNFN1A5, Zfpn1a5) [3+2]",,"ikzf5, pegasus, flj22973, znfn1a5"
2.3.4.5,Subfamily: HIV EP-factors,GGGACTTTCC,
2.3.4.5.1,"HIV-EP1 (ZNF40, PRDII-BF1, MBP-1, CIRIP, GAAP) [2+1+2]",,"hivep1, cirip, mbp1, crybp1, prdiibf1, zas1, schnurri1, znf40a, znf40"
2.3.4.5.2,"HIV-EP2 (MBP-2, ZNF40B) [2+2]",,"hivep2, mbp2, hivep2, mibp1, zas2, schnurri2, znf40b"
2.3.4.5.3,"HIV-EP3 (KBP1, KRC, ZAS3) [2+1+2]",,"hivep3, krc, kbp1, kbp1, shn3, flj16752, kiaa1555, zas3, schnurri3, znf40c"
2.3.4.6,Subfamily: ZBTB1-like factors,,
2.3.4.6.1,ZBTB1 [1+1+6],,"zbtb1, kiaa0997, znf909"
2.3.4.6.2,ZBTB2 (ZNF437) [1+3],,"zbtb2, kiaa1483, znf437, ba351k16.2"
2.3.4.6.3,"ZBTB25 (KUP, ZNF46) [1+1]",,"zbtb25, kup, znf46, c14orf51"
2.3.4.7,Subfamily: RLF-like factors,,
2.3.4.7.1,RLF [1+5+1+2+4+1],,"rlf, znf292l, zn15l"
2.3.4.7.2,ZNF292 (Zfp292) [1+5+1+1+2+4+1],,"znf292, kiaa0530, zfp292, ba393i2.3, zn15, zn16"
2.3.4.7.3,ZNF654 (Zfp654) [1+4],,"znf654, flj10997, flj21142"
2.3.4.8,Subfamily: MAZ-like factors,GGGGAGGG,
2.3.4.8.1,"MAZ (Zif87, ZNF801) [1+5]",,"maz, zf87, pur1, zif87, znf801"
2.3.4.8.2,"VEZF1 (DB1, ZNF161) [1+5]",,"vezf1, db1, znf161"
2.3.4.8.3,"PATZ1 (RIAZ, ZBTB19, ZNF278, ZSG) [1+5+1]",,"patz1, mazr, dj400n23, zbtb19, zsg, riaz, patz, znf278"
2.3.4.9,Subfamily: ZNF532-like factors,,
2.3.4.9.1,ZNF532 (Zfp532) [1+6+3+2],,"znf532, flj10697"
2.3.4.9.2,ZNF592 (Zfp592) [2+6+3+2],,"znf592, kiaa0211, camos, scar5"
2.3.4.9.3,ZNF687 (Zfp687) [1+5+2+2],,"znf687, kiaa1441"
2.3.4.10,Subfamily: ZNF512-factors,,
2.3.4.10.1,ZNF512 (Zfp512) [1+1+2],,"znf512, kiaa1805"
2.3.4.10.2,ZNF512B (Zfp512b) [2+3+2],,"znf512b, gm632, mgc149845, mgc149846"
2.3.4.11,Subfamily: ZNF658-factors,,
2.3.4.12,Subfamily: ZNF423-like factors,GCACCCAAGGGTGC,
2.3.4.12.1,"ZNF423 (OAZ, Zfp423) [1+7+5+7+10]",,"znf423, kiaa0760, oaz, hoaz, ebfaz, zfp104, nphp14, jbts19"
2.3.4.12.2,"ZNF521 (EHZF, LIP3, Zpf521) [1+7+5+7+5+5]",,"znf521, ehzf, evi3"
2.3.4.13,Subfamily: ZNF639-like factors,,
2.3.4.13.1,"ZNF639 (ZASC1, Zfp639) [4+4]",,"znf639, anc2h01, zasc1"
2.3.4.13.2,"ZNF711 (CMPX1, ZNF6, Zfp711) [1+10]",,"znf711, cmpx1, znf4, znf5, dj75n13.1, zfp711, mrx97, znf6"
2.3.4.14,Subfamily: Evi-1-like factors,ACAAGATAA,
2.3.4.14.1,EVI-1 (MECOM) [7+3],,"mecom, mds1evi1, prdm3, kmt8e, mds1, evi1"
2.3.4.14.2,"PRDM16 (MEL1, PFM13) [7+3]",,"prdm16, mel1, pfm13, kiaa1675, mgc166915, kmt8f"
2.3.4.15,Subfamily: BCL11,,
2.3.4.15.1,"BCL11A (CTIP1, EVI9, ZNF856) [1+2]",,"bcl11a, bcl11axl, bcl11al, bcl11as, ctip1, hbfqtl5, znf856, evi9"
2.3.4.15.2,"BCL11B (CTIP2, RIT1) [1+2+3]",,"bcl11b, ctip2, ctip2, hrit1alpha, znf856b"
2.3.4.15.3,ZNF296 (ZNF342) [1+2+3],,"znf296, znf342"
2.3.4.16,Subfamily: Insulinoma-associated proteins,,
2.3.4.16.1,INSM1 (IA-1) [2+1+2],,"insm1, ia1, ia1"
2.3.4.16.2,INSM2 (IA-6) [2+3],,"insm2, ia6, mlt1"
2.3.4.17,Subfamily: Hypermethylated in Cancer proteins,GGGTGCCCGG,
2.3.4.17.1,HIC1 (ZBTB29) [1+4],,"hic1, zbtb29, znf901"
2.3.4.17.2,"HIC2 (HRG22, ZBTB30) [1+4]",,"hic2, kiaa1020, hrg22, zbtb30, znf907"
2.3.4.18,Subfamily: ZNF518,,
2.3.4.18.1,ZNF518A (Zfp518a) [4+1],,"znf518a, kiaa0335, znf518"
2.3.4.18.2,ZNF518B (Zfp518b) [2+1],,"znf518b, kiaa1729"
2.3.4.19,Subfamily: Basonuclin,,
2.3.4.19.1,BNC1 [2+2+2],,"bnc1, hst19447, bnc"
2.3.4.19.2,BNC2 [1+1+2],,"bnc2, bsn2, flj20043"
2.3.4.20,Subfamily: TRERF1-like factors,,
2.3.4.20.1,"TRERF1 (BCAR2, RAPA, TREP132) =3.5.1.3.9[1+1+1]",,"trerf1, trep132, hsa277276, rapa, dj139d8.5, bcar2"
2.3.4.20.2,"ZNF541 (Ship1, Zfp541) [3+1+1] =3.5.1.3.10",,"znf541, dkfzp434i1930"
2.3.4.21,Subfamily: HINFP-like factors,CGGACGTT,
2.3.4.21.1,"HINFP (MIZF, ZNF743) [1+8]",,"hinfp, dkfzp434f162, hinfp, znf743, mizf"
2.3.4.21.2,"ZFAT (ZFAT1, ZNF406, Zfp406) [1+1+7+10]",,"zfat, kiaa1485, znf406, zfat1"
2.3.4.22,Subfamily: ZNF526-like factors,,
2.3.4.22.1,ZNF526 (Zfp526) [1+2+1+9],,"znf526, kiaa1951, mgc4267"
2.3.4.22.2,ZNF574 [3+1+4+8+4],,"znf574, flj22059"
2.3.4.23,Subfamily: ZNF319-like factors,,
2.3.4.23.1,ZNF319 (Zfp319) [3+13],,"znf319, kiaa1388, zfp319"
2.3.4.23.2,ZNF786 (Zfp786) [2+14],,"znf786, dkfzp762i137"
2.3.4.24,Subfamily: ZNF134-like factors,,
2.3.4.25,Subfamily: ZNF37A-like factors,,
2.3.4.25.3,ZNF248 (Zfp248) [1+7],,"znf248, ba162g10.3"
2.3.4.25.4,ZNF334 (Zfp334) [9+5],,"znf334, ba179n14.1"
2.3.4.25.5,"ZNF382 (KS1, Zfp382) [1+9]",,"znf382, flj14686, ks1"
2.3.4.0,Subfamily: unclassified,,
2.3.4.0.1,"CASZ1 (CST, SRG, ZNF693) [3+1+1+3]",,"casz1, flj20321, znf693, castor, cst, srg"
2.3.4.0.2,"ZNF335 (NIF-1, Zfp335) [1+8+4]",,"znf335, ba465l10.2, nif1"
2.3.4.0.3,PRDM8 (PFM5) [1+2],,"prdm8, kmt8d"
2.3.4.0.4,WIZ (ZNF803) [4+2+1+1+1+1+1],,"wiz, znf803"
2.3.4.0.5,ZNF469 [1+1+3],,"znf469, kiaa1858"
2.3.4.0.6,"ZFPM1 (FOG1, ZFN89A) =2.7.2.0.1[3+1]",,"zfpm1, fog1, fog, znf89a, zc2hc11a"
2.3.4.0.7,ZBTB4 (KAISO-L1) [1+3+2],,"zbtb4, kiaa1538, kaisol1, znf903"
2.3.4.0.8,ZBTB38 [2+3+5],,"zbtb38, flj35036, cibz, znf921, ppp1r171"
2.3.4.0.9,ZBTB39 [2+3+3],,"zbtb39, kiaa0352, znf922"
2.3.4.0.10,ZNF295 (ZBTB21) [2+1+2+2+1],,"zbtb21, kiaa1227, znf295"
2.3.4.0.11,ZNF827 [3+4+2],,znf827
2.3.4.0.12,PRDM13 (PFM10) [1+3],,"prdm13, pfm10"
2.3.4.0.13,"ZNF646 (PFM10, Zfp646) [1+3]",,"znf646, kiaa0296"
2.3.4.0.14,ZNF579 (Zfp579) [3+2+3],,"znf579, flj35453"
2.3.4.0.15,"RREB1 (FINB, Zep-1, LZ321) [3+2+1+5+1+1+2]",CCCCAAACACCCCC,"rreb1, hnt"
2.3.4.0.16,"PRDM2 (G3B, MTB-ZF, MTE-BP, KMT8, RIZ) [2+1+3+1+1]",GTCATATGAC,"prdm2, riz, riz1, riz2, kmt8, mtbzf, humhoxy1, kmt8a"
2.3.4.0.17,ZNF800 (Zfp800) [1+3+2+1],,znf800
2.3.4.0.18,ZNF618 [3+1],,"znf618, kiaa1952, nedd10"
2.3.4.0.19,"ZNF277 (NRIF4, ZNF277P, Zfp277) [1+1]",,"znf277, nrif4, znf277p"
2.3.4.0.20,TRPS1 (GC79) =2.2.1.2.13[1+1+3+2],,"trps1, lgcr, gc79"
2.3.4.0.21,"ZNF451 (COASTER, Zfp451) [1+3+2+3+2]",,"znf451, kiaa0576, coaster, dj417i1.1, kiaa1702"
2.3.4.0.22,ZNF438 [3+1],,"znf438, ba330o11.1"
2.3.4.0.23,PEG3 (ZSCAN24) [4+1+5+2],,"peg3, zkscan22, kiaa0287, znf904, zscan24"
2.3.4.0.24,ZNF507 (Zfp507) [2+1+3+2+1],,"znf507, kiaa1084"
2.3.4.0.25,ZNF236 (Zfp236) [9+4+4+4+4+5],,znf236
2.3.4.0.26,ZNF770 (Zfp770) [3+3+1+2+2],,"znf770, flj20582, pro1914"
2.3.4.0.27,"REST (NRSF, XBR) [1+7+1]",TTCAGCACCACGGACAGCGCC,"rest, nrsf, xbr, dfna27"
2.3.4.0.28,ZFP57 (ZNF698) [4+3],TTCAGCACCACGGACAGCGCC,"zfp57, znf698, ba145l22, ba145l22.2, c6orf40"
2.3.4.0.29,"ZNF8 (HF.18, Zfp128) [6+1]",,"znf8, hf.18, zfp128"
2.3.4.0.30,ZNF597 (Zfp597) [4+3],,"znf597, flj33071, hit4"
2.3.4.0.31,PRDM4 (PFM1) [1+5],,"prdm4, pfm1"
2.3.4.0.32,PRDM15 (ZNF298) [1+15],,"prdm15, znf298, c21orf83"
2.3.4.0.33,ZBTB41 (FRBZ1) [1+13],,"zbtb41, frbz1, flj36199, dkfzp686c06120, znf924"
2.3.4.0.34,"PRDM10 (PFM7, TRIS) [1+9]",,"prdm10, kiaa1231, pfm7, mgc131802"
2.3.4.0.35,ZNF341 (Zfp341) [1+2+9],,"znf341, dj553f4.3"
2.3.4.0.36,ZNF513 (Zfp513) [3+5],,"znf513, flj32203, rp58"
2.3.4.0.37,ZNF142 (Zfp142) [14+17],,"znf142, kiaa0236, phz49"
2.3.4.0.38,FIZ1 (ZNF798) [4+2+5],,"fiz1, flj14768, znf798"
2.3.4.0.39,ZNF628 (Zfp628) [7+2+6],CAAGGTTGGTTGC,"znf628, zec, zfp628"
2.3.4.0.40,ZNF784 (Zfp784) [3+3],,"znf784, mgc75238"
2.3.4.0.41,ZNF697 (Zfp697) [1+10],,"znf697, mgc45731"
2.3.4.0.42,ZKSCAN5 (ZFP95) [4+9],,"zkscan5, znf914, zscan37, zfp95"
2.3.4.0.43,ZNF316 (Zfp316) [6+9],,"znf316, mzf3, enst00000305834"
2.3.4.0.44,ZNF775 (Zfp775) [4+4+3],,"znf775, mgc33584"
2.3.4.0.45,ZNF467 (Zfp467) [7+5],,"znf467, ezi, zfp467"
2.3.4.0.46,"ZNF787 (TTF-I-IP20, Zfp787) [5+2]",,znf787
2.3.4.0.48,"ZNF48 (ZNF553, Zfp48, Zfp553) [8+2+2]",,"znf48, dkfzp762k013, flj31751, mgc43952, znf553"
2.3.4.0.49,"ZNF629 (ZNF65, Zfp629) [15+3+1]",,"znf629, kiaa0326, znf65"
2.3.4.0.50,ZNF668 (Zfp668) [13+3],,"znf668, flj13479"
2.3.4.0.53,"ZNF445 (ZKSCAN15, ZNF168, Zfp445) [12+2]",,"znf445, zkscan15, zscan47, znf168"
2.3.4.0.56,"ZSCAN20 (KOX29, ZNF31, ZNF360) [4+6]",,"zscan20, kox29, znf360, znf31"
2.3.4.0.64,ZNF426 (Zfp426) [1+11],,"znf426, mgc2663"
2.3.4.0.65,"ZFP112 (ZNF112, ZNF228) [1+16]",,"znf112, zfp112, znf228"
2.3.4.0.67,"ZNF606 (ZNF328, Zfp606) [2+14]",,"znf606, flj14260, kiaa1852, znf328"
2.3.4.0.71,PRDM9 (PFM6) [1+12],,"prdm9, pfm6, znf899, kmt8b, msbp3"
2.3.4.0.72,"ZBTB17 (MIZ1, ZNF151, ZNF60) [12+1]",,"zbtb17, miz1, phz67, znf151, znf60"
2.3.4.0.73,ZNF407 (Zfp407) [3+3+1+2+2+11],,"znf407, flj20307, flj13839, kiaa1703"
2.3.4.0.74,"E4F1 (p120E4F, p50E4F) [3+6]",TACGTCAC,"e4f1, e4f"
2.3.4.0.75,ZNF462 (Zfp462) [1+2+2+1+3+1+1+3+2+1+4+5+1],,"znf462, dkfzp762n2316, kiaa1803, zfp462"
2.3.4.0.76,"ZNF644 (ZEP2, Zfp644) [5+1+1]",,"znf644, kiaa1221, bm005, mgc60165, mgc70410"
2.3.4.0.77,ADNP (ADNP1) =3.1.8.1.1[4+3+2],,"adnp, kiaa0784, adnp1"
2.3.4.0.78,ADNP2 (ZNF508) =3.1.8.1.2[1+1+1+1],,"adnp2, kiaa0863, znf508"
2.3.5,Family: BED zinc finger factors,TGTCGCGACA,
2.3.5.0.3,ZBED3,,"zbed3, mgc15435"
2.3.5.0.4,ZBED4,,"zbed4, kiaa0637"
2.3.5.0.6,ZBED6 (MGR),,zbed6
2.4,Class: C6 zinc cluster factors,,
None,,,
2.5,Class: DM-type intertwined zinc finger factors,,
2.5.1,Family: DMRT,TGATACATTGTTGC,
2.5.1.0.1,DMRT1,,"dmrt1, dmt1, ct154"
2.5.1.0.2,DMRT2,,dmrt2
2.5.1.0.3,DMRT3,,"dmrt3, dmrta3"
2.5.1.0.4,DMRTA1 (DMRT4),,dmrta1
2.5.1.0.5,DMRTA2 (DMRT5),,dmrta2
2.5.1.0.6,DMRTB1,,dmrtb1
2.5.1.0.7,DMRTC2,,dmrtc2
2.5.1.0.8,DMRTC1a (no DM domain!),,"dmpk, dmk, dm1pk, mdpk, mtpk, dm1, dm"
2.5.1.0.9,DMRTC1b (no DM domain!),,dmrtc1b
2.5.1.0.10,DMRTC1c (no DM domain!),,"dmpk, dmk, dm1pk, mdpk, mtpk, dm1, dm"
2.6,Class: CXXC zinc finger factors,,
2.6.1,Family: CpG-binding proteins,,
2.6.1.0.1,"CpG-binding protein (CXXC1, CFP1, CGBP, PCCX1, PHF18)",,"cxxc1, hst2645, pccx1, hcgbp, phf18, cgbp, spp1, cfp1, zcgpc1"
2.6.1.0.2,"MBD1 (CXXC3, PCM1)",,"mbd1, pcm1, cxxc3"
2.6.1.0.3,"TET1 (CXXC6, LCX)",,"tet1, lcx, kiaa1676, ba119f7.1, cxxc6"
2.6.1.0.4,"MLL (CXXC7, ALL1, HRX, HTRX, KMT2A, MLL1, TRX1)",,"kmt2a, trx1, hrx, all1, htrx1, cxxc7, mll1a, mll"
2.6.1.0.5,"KDM2A (CXXC8, FBL7, FBXL11, JHDM1A)",,"kdm2a, kiaa1004, fbl11, lilina, dkfzp434m1735, fbl7, flj00115, cxxc8, jhdm1a, fbxl11"
2.6.1.0.6,"DNMT1 (CXXC9, AIM, DNMT)",,"dnmt1, mcmt, cxxc9, dnmt"
2.6.1.0.7,"MLL2 (HRX2, KMT2B, WBP7, MLL4, TRX2)",,"kmt2b, kiaa0304, mll2, trx2, hrx2, wbp7, mll1b, mll4, cxxc10"
2.7,Class: C2HC zinc finger factors,,
2.7.1,Family: Myelin transcription factor-related proteins,AAGTT,
2.7.1.0.1,"MYT1 (MyT1, MTF1, MYTI, PLPB1) [7]",,"myt1, mtf1, myti, zc2hc4a, nzf2, zc2h2c1, plpb1"
2.7.1.0.2,"MYT1L (MyT1L, NZF-1) [6]",,"myt1l, kiaa1106, nzf1, zc2hc4b, zc2h2c2"
2.7.1.0.3,"ST18 (ZNF387, NZF-3) [6]",,"st18, kiaa0535, zc2hc10, nzf3, nzf3, zc2h2c3, znf387"
2.7.2,Family: Friend of GATA proteins,,
2.7.2.0.1,"FOG1 (ZFPM1, ZFN89A) [5] =2.3.4.0.6",,"zfpm1, fog1, fog, znf89a, zc2hc11a"
2.7.2.0.2,"FOG2 (ZFPM2, ZFN89B) [5] =2.3.2.4.6",,"zfpm2, fog2, hfog2, znf89b, zc2hc11b"
2.7.3,Family: Histone acetyltransferases with C2HC zinc finger,,
2.7.3.0.1,"MYST1 (KAT8, TIP60 protein 1) [1]",,"kat8, mof, flj14040, hmof, zc2hc8, myst1"
2.7.3.0.2,"MYST2 (KAT7, TIP60 protein 2, HBO1, HBOa) [1]",,"kat7, hboa, hbo1, zc2hc7, myst2"
2.7.3.0.3,"MYST3 (KAT6A, TIP60 protein 3, RUNXBP2, ZNF220, MOZ) [1]",,"kat6a, moz, zc2hc6a, znf220, runxbp2, myst3"
2.7.3.0.4,"MYST4 (KAT6B, TIP60 protein 4, MORF, MOZ2) [1]",,"kat6b, querkopf, qkf, morf, moz2, zc2hc6b, myst4"
2.7.3.0.5,"KAT5 (HTATIP, TIP60) [1]",,"kat5, tip60, plip, cpla2, htatip1, esa1, zc2hc5, htatip"
2.7.4,Family: Lethal(3)malignant brain tumor-related proteins,,
2.7.4.0.1,"L3MBTL1 (L3MBT, L3MBTL) [1]",,"l3mbtl1, zc2hc3, dj138b7.3, dkfzp586p1522, kiaa0681, l3mbtl"
2.7.5,Family: LYAR-related proteins,,
2.7.5.0.1,LYAR (PNAS-5) [2],,"lyar, zc2hc2, zlyar"
2.8,Class: C3H zinc finger factors,,
2.8.1,Family: ZC3H8-related factors,,
2.8.1.0.1,"ZC3H8 (ZC3HDC8, FLIZ1) [3]",,"zc3h8, fliz1, zc3hdc8"
2.8.1.0.2,ZC3H4 [3],,"zc3h4, kiaa1064, c19orf7"
2.8.1.0.3,ZC3H6 (ZC3HDC6) [3],,"zc3h6, flj41410, flj45877, kiaa2035, zc3hdc6"
2.8.2,Family: ZGPAT-related factors,,
2.8.2.0.1,"ZGPAT (GPATC6, GPATCH6, ZC3H9, ZC3HDC9, ZIP) [1]",,"zgpat, dj583p15.3, mgc44880, flj14972, zc3hdc9, zc3h9, gpatc6, gpatch6, zip, kiaa1847"
2.8.3,Family: RC3H-related factors,,
2.8.3.0.1,"RC3H2 (Roquin-2, MNAB, RNF164) [1]",,"rc3h2, flj20301, flj20713, rnf164, mnab"
2.8.4,Family: CNOT4-related factors,,
2.8.4.0.1,CNOT4 (NOT4) [1],,"cnot4, clone243, not4h, not4"
2.9,Class: C2CH THAP-type zinc finger factors,,
2.9.1,Family: THAP-related factors,TTGCCCGTACT,
2.9.1.0.1,THAP1,,"thap1, flj10477, 4833431a01rik, dyt6"
2.9.1.0.2,THAP2,,"thap2, dkfzp564i0422"
2.9.1.0.3,THAP3,,thap3
2.9.1.0.4,"THAP4 (CGI-36, PP238)",,"thap4, cgi36, nb(iii)"
2.9.1.0.7,THAP7,,"thap7, mgc10963"
2.9.1.0.11,THAP11 (HRIHFB2206),,"thap11, hrihfb2206, ctgb45d, ctgb43a"
2.9.1.0.12,"PRKRIR (P52RIPK, DAP4, THAP0)",,"thap12, p52ripk, dap4, thap0, prkrir"
None,,,
None,,,
3,Superclass: Helix-turn-helix domains,,
3.1,Class: Homeo domain factors,,
3.1.1,Family: HOX-related factors,,
3.1.1.1,Subfamily: HOX1,TAATTA,
3.1.1.1.1,"Hox-A1 (HOX1F, ERA-1)",,"hoxa1, hox1f, hox1"
3.1.1.1.2,Hox-B1 (HOX2I),,"hoxb1, hox2, hox2i"
3.1.1.1.3,Hox-D1 (HOX4G),,"hoxd1, hox4, hox4g"
3.1.1.2,Subfamily: HOX2,TAATTA,
3.1.1.2.1,Hox-A2 (HOX1K),,"hoxa2, hox1k"
3.1.1.2.2,Hox-B2 (HOX2H),,"hoxb2, hox2, hox2h"
3.1.1.3,Subfamily: HOX3,TAATTA,
3.1.1.3.1,Hox-A3 (HOX1E),,"hoxa3, hox1e, hox1"
3.1.1.3.2,Hox-B3 (HOX2G),,"hoxb3, hox2, hox2g"
3.1.1.3.3,Hox-D3 (HOX4A),,"hoxd3, hox4a, hox4, hox1d"
3.1.1.4,Subfamily: HOX4,TTAATTAA,
3.1.1.4.1,Hox-A4 (HOX1D),,"hoxa4, hox1d, hox1"
3.1.1.4.2,Hox-B4 (HOX2F),,"hoxb4, hox2, hox2f"
3.1.1.4.3,Hox-C4 (HOX3E),,"hoxc4, hox3, hox3e"
3.1.1.4.4,Hox-D4 (HOX4B),,"hoxd4, hox4b, hox4"
3.1.1.5,Subfamily: HOX5,TAATTA,
3.1.1.5.1,Hox-A5 (HOX1C),,"hoxa5, hox1c, hox1"
3.1.1.5.2,Hox-B5 (HOX2A),,"hoxb5, hox2, hox2a"
3.1.1.5.3,Hox-C5 (HOX3D),,"hoxc5, hox3d, hox3"
3.1.1.6,Subfamily: HOX6-7,TAATTA,
3.1.1.6.1,Hox-A6 (HOX1B),,"hoxa6, hox1b, hox1"
3.1.1.6.2,Hox-B6 (HOX2B),,"hoxb6, hox2, hox2b"
3.1.1.6.3,Hox-C6 (HOX3C),,"hoxc6, hox3c, hox3"
3.1.1.6.4,Hox-A7 (HOX1A),,"hoxa7, hox1a, hox1"
3.1.1.6.5,Hox-B7 (HOX2C),,"hoxb7, hox2, hox2c"
3.1.1.7,Subfamily: HOX8,GTAATTA,
3.1.1.7.1,Hox-B8 (HOX2D),,"hoxb8, hox2, hox2d"
3.1.1.7.2,Hox-C8 (HOX3A),,"hoxc8, hox3, hox3a"
3.1.1.7.3,Hox-D8 (HOX4E),,"hoxd8, hox4, hox4e"
3.1.1.8,Subfamily: HOX9-13,TCGTAAA,
3.1.1.8.1,Hox-A9 (HOX1G),,"hoxa9, hox1g, hox1"
3.1.1.8.2,Hox-B9 (HOX2E),,"hoxb9, hox2e, hox2"
3.1.1.8.3,Hox-C9 (HOX3B),,"hoxc9, hox3, hox3b"
3.1.1.8.4,Hox-D9 (HOX4C),,"hoxd9, hox4c, hox4"
3.1.1.8.5,Hox-A10 (HOX1H),,"hoxa10, hox1h, hox1"
3.1.1.8.6,Hox-C10 (HOX3I),,"hoxc10, hox3i"
3.1.1.8.7,"Hox-D10 (HOX4D, HOX4E)",,"hoxd10, hox4, hox4d"
3.1.1.8.8,Hox-A11 (HOX1I),,"hoxa11, hox1i, hox1"
3.1.1.8.9,Hox-C11 (HOX3H),,"hoxc11, hox3h"
3.1.1.8.10,Hox-D11 (HOX4F),,"hoxd11, hox4, hox4f"
3.1.1.8.11,Hox-C12 (HOX3F),,"hoxc12, hox3, hox3f, hoc3f"
3.1.1.8.12,Hox-D12 (HOX4H),,"hoxd12, hox4h"
3.1.1.8.13,Hox-A13 (HOX1J),,"hoxa13, hox1j, hox1"
3.1.1.8.14,Hox-B13,,hoxb13
3.1.1.8.15,Hox-C13 (HOX3G),,"hoxc13, hox3, hox3g"
3.1.1.8.16,Hox-D13 (HOX4I),,"hoxd13, hox4i, spd"
3.1.1.9,Subfamily: CDX (Caudal type homeobox),GGTAATAAA,
3.1.1.9.1,CDX-1,,cdx1
3.1.1.9.2,CDX-2 (CDX-3),,"cdx2, cdx3"
3.1.1.9.3,CDX-4,,cdx4
3.1.1.10,Subfamily: EVX (Even-skipped homolog),CTAATTAG,
3.1.1.10.1,EVX-1,,evx1
3.1.1.10.2,EVX-2,,evx2
3.1.1.11,Subfamily: GBX (Gastrulation brain homeobox),CTAATTAG,
3.1.1.11.1,GBX-1,,gbx1
3.1.1.11.2,GBX-2,,gbx2
3.1.1.12,Subfamily: GSX,TAATTA,
3.1.1.12.1,GSX-1 (GSH-1),,"gsx1, gsh1, gsh1"
3.1.1.12.2,GSX-2 (GSH-2),,"gsx2, gsh2"
3.1.1.13,Subfamily: MNX,ACTAATTA,
3.1.1.13.1,"MNX1 (HB9, HLXB9)",,"mnx1, hb9, hoxhb9, scra1, hlxb9"
3.1.1.14,Subfamily: MEOX,TAATTA,
3.1.1.14.1,MEOX-1 (MOX-1),,"meox1, mox1"
3.1.1.14.2,MEOX-2 (MOX-2),,"meox2, mox2, gax"
3.1.1.15,Subfamily: PDX,TAATTA,
3.1.1.15.1,PDX-1 (IPF-1),,"pdx1, idx1, stf1, pdx1, mody4, ipf1"
3.1.2,Family: NK-related factors,,
3.1.2.1,Subfamily: BARHL,AACCAATTA,
3.1.2.1.1,BarH-L1,,barhl1
3.1.2.1.2,BarH-L2,,barhl2
3.1.2.2,Subfamily: BARX,TAATTA,
3.1.2.2.1,BARX-1,,barx1
3.1.2.2.2,BARX-2,,barx2
3.1.2.3,Subfamily: BSX,TAATTA,
3.1.2.3.1,BSX-1 (BSX),,"bsx, bsx1"
3.1.2.4,Subfamily: DBX,TTAATTA,
3.1.2.4.1,DBX-1,,dbx1
3.1.2.4.2,DBX-2,,"dbx2, flj16139"
3.1.2.5,Subfamily: DLX,TAATTA,
3.1.2.5.1,DLX-1,,dlx1
3.1.2.5.2,DLX-2,,"dlx2, tes1"
3.1.2.5.3,DLX-3,,dlx3
3.1.2.5.4,DLX-4,,"dlx4, dlx8, bp1, dlx7, dlx9"
3.1.2.5.5,DLX-5,,dlx5
3.1.2.5.6,DLX-6,,dlx6
3.1.2.6,Subfamily: EMX,CTAATTAG,
3.1.2.6.1,EMX-1,,emx1
3.1.2.6.2,EMX-2,,emx2
3.1.2.7,Subfamily: EN (Engrailed-like factors),CTAATTAG,
3.1.2.7.1,EN-1,,en1
3.1.2.7.2,EN-2,,en2
3.1.2.8,Subfamily: HHEX,ATTAA,
3.1.2.8.1,HHEX (PRH),,"hhex, hex, hox11lpen, prhx"
3.1.2.9,Subfamily: HLX,TAATTAATTA,
3.1.2.9.1,HLX-1 (HB24),,"hlx, hb24, hlx1"
3.1.2.10,Subfamily: LBX,TTAATTAA,
3.1.2.10.1,LBX-1,,"lbx1, lbx1h, hpx6"
3.1.2.10.2,LBX-2,,lbx2
3.1.2.11,Subfamily: MSX,ACCAATTA,
3.1.2.11.1,MSX-1 (HOX7),,"msx1, hyd1, ofc5, hox7"
3.1.2.11.2,MSX-2 (HOX8),,"msx2, crs2, fpp, hox8, msh, pfm, pfm1"
3.1.2.12,Subfamily: NANOG,CCATTT,
3.1.2.12.1,NANOG,,"nanog, flj12581, flj40451"
3.1.2.13,Subfamily: NK-1,CTAATTAG,
3.1.2.13.1,"NKX-1.1 (NKX1-1, SAX-2)",,"nkx11, hspx153, sax2"
3.1.2.13.2,"NKX-1.2 (NKX1-2, SAX-1)",,"nkx12, bb238f13.2, c10orf121"
3.1.2.14,Subfamily: NK-2.1,CCACTTGA,
3.1.2.14.1,"NKX-2.1 (NKX2-1, TTF-1)",,"nkx21, ttf1, ttf1, nkx2a, bch, titf1"
3.1.2.14.2,"NKX-2.4 (NKX2-4, NK-2HD)",,"nkx24, nkx2.4, nkx2d"
3.1.2.15,Subfamily: NK-2.2,CCACTTGA,
3.1.2.15.1,"NKX-2.2 (NKX2-2, NKX2B)",,"nkx22, nkx2.2, nkx2b"
3.1.2.15.2,"NKX-2.8 (NKX2-8, NKX2-9, NKX2G, NKX2H)",,"nkx28, nkx2.8, nkx29, nkx2h"
3.1.2.16,Subfamily: NK-3,AAGTACTT,
3.1.2.16.1,"NKX-3.1 (NKX3-1, NKX3A)",,"nkx31, nkx3.1, bapx2, nkx3a"
3.1.2.16.2,"NKX-3.2 (NKX3-2, NKX3B)",,"nkx32, nkx3b, nkx3.2, bapx1"
3.1.2.17,Subfamily: NK-4,CCACTTAA,
3.1.2.17.1,"NKX-2.3 (NKX2-3, NKX2C, NKX4-3)",,"nkx23, nkx2.3, csx3, nkx43, nkx2c"
3.1.2.17.2,"NKX-2.5 (NKX2-5, NKX2E, NKX4-1, CSX)",,"nkx25, csx1, nkx2.5, nkx41, csx, nkx2e"
3.1.2.17.3,"NKX-2.6 (NKX2-6, NKX2F, NKX4-2, CSX2)",,"nkx26, csx2, nkx42"
3.1.2.18,Subfamily: NK-5/HMX,AGCAATTAA,
3.1.2.18.1,"HMX-1 (H6, NKX5-3, NKX-5.3)",,"hmx1, h6, nkx53"
3.1.2.18.2,"HMX-2 (H6L, NKX5-2, NKX-5.2)",,"hmx2, nkx52"
3.1.2.18.3,"HMX-3 (NKX5-1, NKX-5.1)",,"hmx3, nkx51"
3.1.2.19,Subfamily: NK-6,AATAATTA,
3.1.2.19.1,"NKX-6.1 (NKX6-1, NKX6A)",,"nkx61, nkx6.1, nkx6a"
3.1.2.19.2,"NKX-6.2 (NKX6-2, NKX6B)",,"nkx62, nkx6b, gtx, nkx6.1"
3.1.2.19.3,NKX-6.3 (NKX6-3),,"nkx63, flj25169"
3.1.2.20,Subfamily: NOTO,,
3.1.2.20.1,NOTO,,noto
3.1.2.21,Subfamily: TLX,AATTAATA,
3.1.2.21.1,"TLX-1 (HOX11, TCL-3)",,"tlx1, tcl3, hox11"
3.1.2.21.2,"TLX-2 (HOX11L1, NCX)",,"tlx2, enx, tlx2, ncx, hox11l1"
3.1.2.21.3,TLX-3 (HOX11L2),,"tlx3, rnx, hox11l2"
3.1.2.22,Subfamily: VAX,TAATTA,
3.1.2.22.1,VAX-1,,vax1
3.1.2.22.2,VAX-2,,"vax2, dres93"
3.1.2.23,Subfamily: VENTX,,
3.1.3,Family: Paired-related HD factors,,
3.1.3.1,Subfamily: ALX,TTAATTAA,
3.1.3.1.1,ALX-1 (CART-1),,"alx1, cart1"
3.1.3.1.2,ALX-3,,"alx3, fnd"
3.1.3.1.3,ALX-4,,"alx4, fpp, pfm, kiaa1788, pfm2"
3.1.3.2,Subfamily: ARGFX,,
3.1.3.3,Subfamily: ARX,TTAATTAA,
3.1.3.3.1,ARX,,"arx, issx, ct121, eiee1, mrxs1, prts, mrx76, mrx54, mrx43, mrx36, mrx29, mrx32, mrx33, mrx38, mrx87"
3.1.3.4,Subfamily: DMBX,GGATTA,
3.1.3.4.1,"DMBX (MBX, OTX-3, PAXB)",,"dmbx1, paxb, otx3"
3.1.3.5,Subfamily: DPRX,,
3.1.3.6,Subfamily: DRGX,,
3.1.3.6.1,"DRGX (PRRXL1, Drg11)",,"drgx, drg11, prrxl1"
3.1.3.7,Subfamily: DUX,TCTAATTGAGAATTAC,
3.1.3.8,Subfamily: ESX,TTAATTAA,
3.1.3.9,Subfamily: GSC,GGATTA,
3.1.3.9.1,GSC,,gsc
3.1.3.9.2,GSC-2,,"gsc2, gscl"
3.1.3.10,Subfamily: HESX,TAATTGAATTA,
3.1.3.10.1,HESX-1,,"hesx1, rpx, anf"
3.1.3.11,Subfamily: HOPX,,
3.1.3.11.1,HOPX-1,,"hopx, lagy, hop, ob1, necc1, smap31"
3.1.3.12,Subfamily: ISX,CTAATTAG,
3.1.3.12.1,ISX,,"isx, raxlx"
3.1.3.13,Subfamily: LEUTX,,
3.1.3.14,Subfamily: MIX,,
3.1.3.14.1,MIXL1,,"mixl1, mild1, mixl"
3.1.3.15,Subfamily: NOBOX,CTAATTAG,
3.1.3.16,Subfamily: OTP,TTAATTAA,
3.1.3.16.1,OTP,,otp
3.1.3.17,Subfamily: OTX,GGGATTAA,
3.1.3.17.1,OTX-1,,otx1
3.1.3.17.2,OTX-2,,otx2
3.1.3.17.3,CRX (CORD-2),,"crx, crd, lca7, otx3, cord2"
3.1.3.18,Subfamily: PHOX,ATAATTAA,
3.1.3.18.1,"PHOX-2A (ARIX, PMX2A)",,"phox2a, pmx2a, cfeom2, arix, feom2"
3.1.3.18.2,PHOX-2B (PMX2B),,"phox2b, phox2b, nbphox, pmx2b"
3.1.3.19,Subfamily: PITX,GGGATTAA,
3.1.3.19.1,"PITX-1 (BFT, PTX1)",,"pitx1, ptx1, potx, bft"
3.1.3.19.2,"PITX-2 (ARP, RGS, RIEG1, Ptx2)",,"pitx2, igds, rs, brx1, otlx2, arp1, irid2, ihg2, rieg, rieg1, rgs"
3.1.3.19.3,PITX-3 (PTX3),,"ptx3, tsg14, tnfaip5"
3.1.3.20,Subfamily: PROP,TTAATTAA,
3.1.3.20.1,PROP-1,,prop1
3.1.3.21,Subfamily: PRRX,GCTAATTAGC,
3.1.3.21.1,"PRRX-1 (PHOX1, PMX1)",,"prrx1, phox1, pmx1"
3.1.3.21.2,"PRRX-2 (PMX2, PRX2)",,"prrx2, prx2, pmx2"
3.1.3.22,Subfamily: RAX,CTAATTAG,
3.1.3.22.1,RAX (RX),,"rax, rx"
3.1.3.23,Subfamily: RHOX,CTAATTAG,
3.1.3.24,Subfamily: SEBOX,,
3.1.3.24.1,SEBOX (OG-9),,"sebox, og9, og9x"
3.1.3.25,Subfamily: SHOX,TTAATTAA,
3.1.3.25.2,"SHOX-2 (OG-12X, SHOT)",,"shox2, shot, og12x, og12"
3.1.3.26,Subfamily: TPRX,,
3.1.3.27,Subfamily: UNCX,TTAATTAA,
3.1.3.27.1,UNCX (Uncx4.1),,"uncx, uncx4.1"
3.1.3.28,Subfamily: VSX,TTAATTAA,
3.1.3.28.1,VSX-1 (RINX),,"vsx1, ppd, ppcd1, ppcd"
3.1.3.28.2,VSX-2 (HOX10),,"vsx2, ret1, hox10, chx10"
3.1.4,Family: TALE-type homeo domain factors,,
3.1.4.1,Subfamily: IRX (Iroquois),TACATGTA,
3.1.4.1.1,IRX-1,,"irx3, irx1"
3.1.4.1.2,IRX-2,,irx2
3.1.4.1.3,IRX-3,,"irx6, irx3, irx7"
3.1.4.1.4,IRX-4,,irx4
3.1.4.1.5,IRX-5,,"irx1, irx5"
3.1.4.1.6,IRX-6,,"irx6, irx3, irx7"
3.1.4.2,Subfamily: MEIS,AGCTGTCAA,
3.1.4.2.1,Meis1,,meis1
3.1.4.2.2,Meis2,,"meis2, mrg1, hst18361"
3.1.4.2.3,Meis3,,"meis3, mrg2, dkfzp547h236"
3.1.4.3,Subfamily: MKX (Mohawk),,
3.1.4.3.1,MKX (IRX-L1),,"mkx, mgc39616, c10orf48, irxl1"
3.1.4.4,Subfamily: PBX,CATCAAT,
3.1.4.4.1,PBX-1,,pbx1
3.1.4.4.2,PBX-2,,"pbx2, g17, hox12, pbx2mhc"
3.1.4.4.3,PBX-3,,pbx3
3.1.4.4.4,PBX-4,,pbx4
3.1.4.5,Subfamily: PKNOX,ACCTGTCAAT,
3.1.4.5.1,PKNOX-1 (PREP-1),,"pknox1, prep1"
3.1.4.5.2,PKNOX-2 (PREP-2),,pknox2
3.1.4.6,Subfamily: TGIF,AGCTGTCAAT,
3.1.4.6.1,TGIF-1,,"tgif1, hpe4, tgif"
3.1.4.6.2,TGIF-2,,tgif2
3.1.4.6.3,TGIF-2LX,,tgif2lx
3.1.5,Family: HD-LIM factors,AATTAA;,
3.1.5.1,Subfamily: ISL,ATCAATTAA,
3.1.5.1.1,ISL-1 (Islet-1),,"isl1, isl1, islet1"
3.1.5.1.2,ISL-2 (Islet-2),,"isl2, flj10160"
3.1.5.2,Subfamily: Lhx-1-like factors,TTAATTAA,
3.1.5.2.1,Lhx1 (Lim-1),,"lhx1, lim1, lim1"
3.1.5.2.2,Lhx5,,lhx5
3.1.5.3,Subfamily: Lhx-2-like factors,TAATTA,
3.1.5.3.1,Lhx2 (LH-2),,"lhx2, lh2, hlhx2"
3.1.5.3.2,Lhx9,,lhx9
3.1.5.4,Subfamily: Lhx-3-like factors,TAATTA,
3.1.5.4.1,Lhx3,,lhx3
3.1.5.4.2,Lhx4,,"lhx4, gsh4"
3.1.5.5,Subfamily: Lhx-6-like factors,CTAATTAG,
3.1.5.5.1,Lhx6 (Lhx6.1),,"lhx6, lhx6.1"
3.1.5.5.2,Lhx8,,"lhx8, lhx7"
3.1.5.6,Subfamily: Lmx,TTAATTAA,
3.1.5.6.1,"Lmx-1a(LMX-1.1, LMX1A)",,"lmx1a, lmx1.1, lmx1"
3.1.5.6.2,"Lmx-1b(LMX-1.2, LMX1B)",,"lmx1b, nps1"
3.1.6,Family: HD-SINE factors,GGTATCA,
3.1.6.1,Subfamily: SIX1-like factors,GGGTATCA,
3.1.6.1.1,SIX1,,"six1, dfna23"
3.1.6.1.2,SIX2,,six2
3.1.6.2,Subfamily: SIX3-like factors,GGGTATCA,
3.1.6.2.1,SIX3,,"six3, hpe2"
3.1.6.2.2,SIX6,,"six6, six9, optx2"
3.1.6.3,Subfamily: SIX4-like factors,GGTGTCA,
3.1.6.3.1,SIX4,,"six4, arec3"
3.1.6.3.2,SIX5,,"six5, dmahp"
3.1.7,Family: HD-PROS factors,,
3.1.7.0.1,PROX-1,,prox1
3.1.7.0.2,PROX-2,,"prox2, flj36749"
3.1.8,Family: HD-ZF factors,,
3.1.8.1,Subfamily: ADNP,,
3.1.8.1.1,ADNP1 =2.3.4.0.77,,"adnp, kiaa0784, adnp1"
3.1.8.1.2,ADNP2 (ZNF508) =2.3.4.0.78,,"adnp2, kiaa0863, znf508"
3.1.8.2,Subfamily: TSHZ,,
3.1.8.2.1,TSHZ-1,,"tshz1, nyco33, tsh1, sdccag33"
3.1.8.2.2,TSHZ-2,,"tshz2, zabc2, ovc102, tsh2, c20orf17, znf218"
3.1.8.2.3,TSHZ-3,,"tshz3, kiaa1474, tsh3, znf537"
3.1.8.3,Subfamily: ZEB,CACCTG,
3.1.8.3.1,ZEB1 (TCF-8),,"zeb1, bzp, zeb, areb6, nil2a, zfhep, zfhx1a, fecd6, tcf8, ppcd3"
3.1.8.3.2,ZEB2 (SMADIP1),,"zeb2, kiaa0569, sip1, sip1, zfhx1b"
3.1.8.4,Subfamily: ZFHX,,
3.1.8.4.1,ZFHX2 (ZFH-2),,"zfhx2, kiaa1762, kiaa1056, zfh5, znf409"
3.1.8.4.2,"ZFHX3 (ZFH-3, ATBF1)",,"zfhx3, znf927, atbf1"
3.1.8.4.3,ZFHX4 (ZFH-4),,"zfhx4, zfh4, flj20980"
3.1.8.5,Subfamily: ZHX,ATCGTTTT,
3.1.8.5.1,ZHX1,,zhx1
3.1.8.5.2,ZHX2 (AFP),,"zhx2, kiaa0854"
3.1.8.5.3,ZHX3 (TIX1),,"zhx3, kiaa0395, tix1"
3.1.8.5.4,HOMEZ,,"homez, kiaa1443"
3.1.9,Family: HD-CUT factors,,
3.1.9.1,Subfamily: ONECUT,AAATCAAT,
3.1.9.1.1,"ONECUT-1 (HNF6, HNF-6a, OC-1)",,"onecut1, hnf6, hnf6, hnf6a"
3.1.9.1.2,"ONECUT-2 (HNF-6b, OC-2)",,"onecut2, oc2"
3.1.9.1.3,ONECUT-3 (OC-3),,onecut3
3.1.9.2,Subfamily: CUX,TGATCA,
3.1.9.2.1,"Cux-1 (CDP, Cut-L1)",,"cux1, cdp, cdp1, cux, cut, clox, cdp/cut, cdp/cux, cux/cdp, casp, golim6, cutl1"
3.1.9.2.2,Cux-2 (Cut-L2),,"cux2, kiaa0293, cdp2, cutl2"
3.1.9.3,Subfamily: SATB,TAATGA,
3.1.9.3.1,SATB-1,,satb1
3.1.9.3.2,SATB-2,,"satb2, kiaa1034, flj21474"
3.1.10,Family: POU domain factors,,
3.1.10.1,Subfamily: POU1 (Pit-1-like factors),TAATTAATTA,
3.1.10.1.1,"POU1F1 (Pit-1, GHF-1)",,"pou1f1, ghf1, pou1f1a, pit1, pit1"
3.1.10.2,Subfamily: POU2 (Oct-1/2-like factors),TATGCAAAT,
3.1.10.2.1,"POU2F1 (Oct-1, OTF-1)",,"pou2f1, oct1, otf1"
3.1.10.2.2,"POU2F2 (Oct-2, OTF-2)",,"pou2f2, oct2, otf2"
3.1.10.2.3,"POU2F3 (Oct-11, OTF-11, Skn-1)",,"pou2f3, oct11, pla1, skn1a, epoc1"
3.1.10.3,Subfamily: POU3 (Oct-6-like factors),TAATTAATTA,
3.1.10.3.1,"POU3F1 (Oct-6, OTF-6, SCIP)",,"pou3f1, oct6, scip, otf6"
3.1.10.3.2,"POU3F2 (Oct-7, OTF-7, Brn-2)",,"pou3f2, pouf3, brn2, oct7, otf7"
3.1.10.3.3,"POU3F3 (Oct-8, OTF-8, Brn-1)",,"pou3f3, brn1, otf8"
3.1.10.3.4,"POU3F4 (Oct-9, OTF-9, Brn-4)",,"pou3f4, brn4, otf9, dfnx2, dfn3"
3.1.10.4,Subfamily: POU4 (Brn-3-like factors),ATTAATGA,
3.1.10.4.1,"POU4F1 (Brn-3A, Oct-T1)",,"pou4f1, rdc1, brn3a"
3.1.10.4.2,POU4F2 (Brn-3B),,"pou4f2, brn3b, brn3b"
3.1.10.4.3,POU4F3 (Brn-3C),,"pou4f3, brn3c, dfna15, dfna52, dfna42"
3.1.10.5,Subfamily: POU5 (Oct-3/4-like factors),,
3.1.10.5.1,"POU5F1 (Oct-3, Oct-4, OTF-3)",,"pou5f1, oct3, oct4, mgc22487, otf3"
3.1.10.5.3,POU5F2 (SPRM-1),,"pou5f2, sprm1, flj25680"
3.1.10.6,Subfamily: POU6 (Brn-5-like factors),TAATGAG,
3.1.10.6.1,POU6F1 (Brn-5),,"pou6f1, brn5, mpou, tcfb1"
3.1.10.6.2,POU6F2 (Brn-5),,"pou6f2, rpf1"
3.1.10.7,Subfamily: HNF1-like factors,GTTAATGATTAAC,
3.1.10.7.1,"HNF-1a(HNF-1A, LF-B1)",,"hnf1a, hnf1, lfb1, mody3, tcf1"
3.1.10.7.2,"HNF-1b(HNF-1B, vHNF1, LF-B3)",,"hnf1b, lfb3, vhnf1, hnf1beta, mody5, tcf2"
3.1.10.7.3,HMBOX1 (HNF-1LA),,"hmbox1, hnf1la, pbhnf, flj21616, hot1"
3.1.10.8,Subfamily: HDX-like factors,GAAATCA,
3.1.10.8.1,HDX,,"hdx, flj30678, cxorf43"
3.1.11,Family: PHTF factors,,
3.1.11.0.1,PHTF1,,"phtf1, phtf"
3.1.11.0.2,PHTF2,,"phtf2, dkfzp434d166"
3.2,Class: Paired box factors,,
3.2.1,Family: Paired plus homeo domain,CTAATTAG,
3.2.1.1,Subfamily: PAX-3/7,CTAATTAG,
3.2.1.1.1,Pax-3 (HuP2),,"pax3, hup2, ws1"
3.2.1.1.2,Pax-7 (HuP1),,"pax7, hup1"
3.2.1.2,Subfamily: PAX-4/6,CTAATTAG,
3.2.1.2.1,Pax-4,,"pax4, mody9"
3.2.1.2.2,Pax-6 (AN2),,"pax6, d11s812e, an, wagr, an2"
3.2.2,Family: Paired domain only,,
3.2.2.1,Subfamily: PAX-1/9 (no homeo remnant),,
3.2.2.1.1,Pax-1 (HuP48),,pax1
3.2.2.1.2,Pax-9,,pax9
3.2.2.2,Subfamily: PAX-2-like factors (partial homeobox),GTCATGCGTGA,
3.2.2.2.1,Pax-2,,pax2
3.2.2.2.2,Pax-5,,"pax5, bsap"
3.2.2.2.3,Pax-8,,pax8
3.3,Class: Fork head / winged helix factors,,
3.3.1,Family: Forkhead box (FOX) factors,TGTTT,
3.3.1.1,Subfamily: FOXA,TGTTTGTTT,
3.3.1.1.1,FOXA1 (HNF-3a),,"foxa1, hnf3a"
3.3.1.1.2,FOXA2 (HNF-3b),,"foxa2, hnf3b"
3.3.1.1.3,FOXA3 (HNF-3g),,"foxa3, hnf3g"
3.3.1.2,Subfamily: FOXB,,
3.3.1.2.1,FOXB1 (Fkh-5),,"foxb1, hfkh5, fkh5"
3.3.1.2.2,FOXB2,,"foxb2, ba159h20.4"
3.3.1.3,Subfamily: FOXC,TGTTTATTTAC,
3.3.1.3.1,"FOXC1 (Fkh-L7, FREAC3)",,"foxc1, freac3, ara, igda, ihg1, fkhl7, irid1"
3.3.1.3.2,FOXC2 (Fkh-L14),,"foxc2, mfh1, fkhl14"
3.3.1.4,Subfamily: FOXD,TGTTTACTTAAG,
3.3.1.4.1,"FOXD1 (Fkh-L8, FREAC4)",,"foxd1, freac4, fkhl8"
3.3.1.4.2,"FOXD2 (Fkh-L17, FREAC9)",,"foxd2, freac9, fkhl17"
3.3.1.4.3,FOXD3 (HFH-2),,"foxd3, genesis, hfh2"
3.3.1.4.4,"FOXD4 (Fkh-L9, FREAC5)",,"foxd4, freac5, foxd4a, fkhl9"
3.3.1.5,Subfamily: FOXE,,
3.3.1.5.1,"FOXE1 (FOXE2, Fkh-L15)",,"foxe1, ttf2, hfkh4, fkhl15, titf2, foxe2"
3.3.1.5.2,"FOXE3 (Fkh-L12, FREAC8)",,"foxe3, freac8, fkhl12"
3.3.1.6,Subfamily: FOXF,TGTTTATATG,
3.3.1.6.1,"FOXF1 (Fkh-L5, FREAC1)",,"foxf1, freac1, fkhl5"
3.3.1.6.2,"FOXF2 (Fkh-L6, FREAC2)",,"foxf2, freac2, fkhl6"
3.3.1.7,Subfamily: FOXG,TTTGTTTTT,
3.3.1.7.1,FOXG1 (Fkh-2),,"foxg1, hfk2, qin, bf1, hfk1, hfk3, hbf3, fkhl2, foxg1b, fkhl4, fkh2, fkhl1, foxg1c, fkhl3, foxg1a"
3.3.1.8,Subfamily: FOXH,TGTGTATT,
3.3.1.8.1,FOXH1,,"foxh1, fast1"
3.3.1.9,Subfamily: FOXI,TGTTTGTTTA,
3.3.1.9.1,"FOXI1 (Fkh-L10, FREAC6)",,"foxi1, freac6, fkhl10"
3.3.1.9.2,FOXI2,,"foxi2, flj46831"
3.3.1.9.3,FOXI3,,foxi3
3.3.1.10,Subfamily: FOXJ,TGTTTGTTTA,
3.3.1.10.1,"FOXJ1 (Fkh-L13, HFH-4)",,"foxj1, hfh4, hfh4, fkhl13"
3.3.1.10.2,FOXJ2 (Fkx),,"foxj2, fhx"
3.3.1.10.3,FOXJ3 (Fkx),,"foxj3, kiaa1041"
3.3.1.11,Subfamily: FOXK,TTGTTTAC,
3.3.1.11.1,FOXK1,,"foxk1, image:5164497"
3.3.1.11.2,FOXK2,,"foxk2, ilf, ilf1"
3.3.1.12,Subfamily: FOXL,TGTTTATGT,
3.3.1.12.1,"FOXL1 (Fkh-L11, FREAC7)",,"foxl1, freac7, fkh6, fkhl11"
3.3.1.12.2,FOXL2,,"foxl2, bpes1, bpes"
3.3.1.13,Subfamily: FOXM,CTGTTTAT,
3.3.1.13.1,"FOXM1 (Fkh-L11, FREAC7)",,"foxm1, hfh11, trident, hnf3, ins1, mpp2, mphosph2, tgt3, fkhl16"
3.3.1.14,Subfamily: FOXN,,
3.3.1.14.1,FOXN1 (Whn),,"foxn1, fkhl20, whn, ronu"
3.3.1.14.2,FOXN2 (HTLF),,"foxn2, htlf"
3.3.1.14.3,FOXN3 (CHES1),,"foxn3, c14orf116, ches1"
3.3.1.14.4,FOXN4,,foxn4
3.3.1.15,Subfamily: FOXO,TTGTTTAC,
3.3.1.15.1,FOXO1 (FKHR),,"foxo1, fkh1, fkhr, foxo1a"
3.3.1.15.2,FOXO3 (FKHR-L1),,"foxo3, af6q21, foxo2, fkhrl1, foxo3a"
3.3.1.15.3,FOXO4,,"foxo4, afx1, mllt7"
3.3.1.15.4,FOXO6,,foxo6
3.3.1.16,Subfamily: FOXP,TTGTTTCA,
3.3.1.16.1,FOXP1,,"foxp1, qrf1, 12cc4, hspc215, hfkh1b"
3.3.1.16.2,FOXP2,,"foxp2, cagh44, tnrc10, spch1"
3.3.1.16.3,FOXP3,,"foxp3, jm2, xpid, aiid, pidx, dieter, scurfin, ipex"
3.3.1.16.4,FOXP4 (FKHLA),,"foxp4, flj40908"
3.3.1.17,Subfamily: FOXQ,,
3.3.1.17.1,FOXQ1 (HFH-1),,"foxq1, hfh1"
3.3.1.18,Subfamily: FOXR,,
3.3.1.18.1,FOXR1,,"foxr1, dlnb13, foxn5"
3.3.1.18.2,FOXR2,,"foxr2, mgc21658, foxn6"
3.3.1.19,Subfamily: FOXS,,
3.3.1.19.1,"FOXS1 (Fkh-L18, FREAC10)",,"foxs1, freac10, fkhl18"
3.3.2,Family: E2F-related factors,,
3.3.2.1,Subfamily: E2F,,
3.3.2.1.1,E2F-1,,"e2f1, rbp3, rbbp3"
3.3.2.1.2,E2F-2,,"e2f2, e2f2"
3.3.2.1.3,E2F-3,,e2f3
3.3.2.1.4,E2F-4,,"e2f4, e2f4"
3.3.2.1.5,E2F-5,,e2f5
3.3.2.1.6,E2F-6,,"e2f6, e2f6"
3.3.2.1.7,E2F-7,,e2f7
3.3.2.1.8,E2F-8,,"e2f8, flj23311"
3.3.2.2,Subfamily: Dp-1,,
3.3.2.2.1,Dp-1 (DRTF-1),,"tfdp1, dp1, drtf1, dp1, dilc"
3.3.2.2.2,Dp-2 (Dp-3),,"tfdp2, dp2"
3.3.3,Family: RFX-related factors,,
3.3.3.0.1,RFX1 (EF-C),,"rfx1, efc"
3.3.3.0.2,RFX2,,"rfx2, flj14226"
3.3.3.0.3,RFX3,,rfx3
3.3.3.0.4,RFX4,,rfx4
3.3.3.0.5,RFX5,,rfx5
3.3.3.0.6,RFX6 (RFXDC-1),,"rfx6, mgc33442, dj955l16.1, rfxdc1"
3.3.3.0.7,RFX7 (RFXDC-2),,"rfx7, flj12994, rfxdc2"
3.3.3.0.8,RFX8,,"rfx8, flj42986"
3.4,Class: Heat shock factors,,
3.4.1,Family: HSF factors,TTCCAGAAGCTTC,
3.4.1.0.1,HSF1 (HSTF1),,"hsf1, hstf1"
3.4.1.0.2,HSF2 (HSTF2),,hsf2
3.4.1.0.3,HSF4 (HSTF4),,"hsf4, ctm"
3.4.1.0.4,HSF5 (HSTF5),,"hsf5, flj40311"
3.4.1.0.6,"HSFY1 (HSFY2, HSF2L)",,"hsfy1, hsf2l, hsfy"
3.4.1.0.7,HSF3,,HSF3
3.5,Class: Tryptophan cluster factors,,
3.5.1,Family: Myb/SANT domain factors,,
3.5.1.1,Subfamily: Myb-like factors,CAGTTG,
3.5.1.1.1,c-Myb,,"myb, cmyb"
3.5.1.1.2,A-Myb (Myb-L1),,"mybl1, amyb, amyb"
3.5.1.1.3,B-Myb (Myb-L2),,"mybl2, bmyb, bmyb"
3.5.1.1.4,CDC5L,,"cdc5l, pcdc5rp, hcdc5, cef1, cdc5"
3.5.1.1.5,SNAPc4 (PTFa),,"snapc4, snap190, ptfalpha, flj13451"
3.5.1.2,Subfamily: NCoR-like factors,,
3.5.1.2.1,NCoR1,,"ncor1, ncor, hcit529i10, trac1, hncor, kiaa1047, mgc104216, ppp1r109"
3.5.1.2.2,NCoR2,,"ncor2, smrt, smrte, trac1, ctg26, tnrc14"
3.5.1.2.3,RCoR1,,"rcor1, corest, kiaa0071, rcor"
3.5.1.2.4,RCoR2,,rcor2
3.5.1.2.5,RCoR3,,"rcor3, flj10876"
3.5.1.3,Subfamily: MIER-like factors,,
3.5.1.3.1,MIER1,,"mier1, hmier1, mier1, kiaa1610"
3.5.1.3.2,MIER2,,"mier2, kiaa1193"
3.5.1.3.3,MIER3,,"mier3, flj35954, dkfzp686l09111, dkfzp781i1119"
3.5.1.3.4,MTA1 =2.2.1.2.5,,mta1
3.5.1.3.5,MTA2 (MTA1-L1) =2.2.1.2.6,,"mta2, mta1l1, mta1l1"
3.5.1.3.6,MTA3 =2.2.1.2.7,,"mta3, kiaa1266"
3.5.1.3.7,"RERE (ARG, ARP, ATN1L) =2.2.1.2.4",,"rere, kiaa0458, arp, arg, dnb1, atn1l"
3.5.1.3.8,DMAP1,,"dmap1, dnmap1, flj11543, kiaa1425, dnmtap1, eaf2, meaf2, swc4"
3.5.1.3.9,"TRERF1 (Rapa, TReP-132) =2.3.4.20.1",,"trerf1, trep132, hsa277276, rapa, dj139d8.5, bcar2"
3.5.1.3.10,ZNF541 =2.3.4.20.2,,"znf541, dkfzp434i1930"
3.5.1.3.11,CRAMP1L (HN1L),,"cramp1, kiaa1426, cramp1l"
3.5.1.3.12,ELMSAN1 (C14orf43),,"elmsan1, lsr68, c14orf117, c14orf43"
3.5.1.4,Subfamily: DNAJC-like factors,,
3.5.1.4.1,DNAJC1,,"dnajc1, dnajl1, erdj1, mtj1"
3.5.1.4.2,DNAJC2 (ZRF1),,"dnajc2, mpp11, mphosph11, zuo1, zuotin, zrf1"
3.5.1.5,Subfamily: SMARCA-like factors,,
3.5.1.5.1,SMARCA1 (SNF2L),,"smarca1, snf2lb, nurf140, iswi, swi, hsnf2l, snf2l1, snf2l"
3.5.1.5.2,SMARCA5 (SNF2H),,"smarca5, hsnf2h, hiswi, iswi"
3.5.1.6,Subfamily: TADA2-like factors,,
3.5.1.6.1,"TAD-2a(TADA2A, ADA2-like)",,"tada2a, ada2, hada2, ada2a, tada2l"
3.5.1.6.2,"TAD-2b(TADA2B, ADA2-b)",,"tada2b, mgc21874"
3.5.1.6.3,SMARCC1 (BAF155),,"smarcc1, baf155, srg3, rsc8, cracc1"
3.5.1.6.4,SMARCC2 (BAF170),,"smarcc2, baf170, rsc8, cracc2"
3.5.1.7,Subfamily: DMTF-like factors,CCCGGATGT,
3.5.1.7.1,DMTF1,,"dmtf1, dmp1, dmtf, hdmp1, mrul"
3.5.2,Family: Ets-related factors,GGAAG,
3.5.2.1,Subfamily: Ets-like factors,CCGGAAG,
3.5.2.1.1,c-Ets-1,,"ets1, flj10768, ets1, ewsr2"
3.5.2.1.2,c-Ets-2,,ets2
3.5.2.1.3,ETV2,,"etv2, er71"
3.5.2.1.4,"GABPa(E4TF1-60, NRSF-2a)",,"gabpa, e4tf1a, nft2, nrf2, e4tf160, nrf2a"
3.5.2.1.5,Fli-1,,"fli1, sic1, ewsr2"
3.5.2.1.6,ERG,,"erg, erg3, p55"
3.5.2.1.7,FEV (Pet-1),,"fev, pet1"
3.5.2.1.8,ETV3 (PE-1),,"etv3, pe1"
3.5.2.1.10,ERF,,"erf, pe2, pe2"
3.5.2.2,Subfamily: Elk-like factors,CCGGAAG,
3.5.2.2.1,Elk-1,,elk1
3.5.2.2.2,Elk-3 (SAP-2),,"elk3, erp, net, sap2"
3.5.2.2.3,Elk-4 (SAP-1),,"ptprh, sap1"
3.5.2.2.4,ETV1,,"etv1, er81"
3.5.2.2.5,ETV4 (E1A-F),,"etv4, e1af, e1af, pea3"
3.5.2.2.6,ETV5,,"etv5, erm"
3.5.2.3,Subfamily: Elf-1-like factors,CCGGAAAT,
3.5.2.3.1,Elf-1,,"efna2, elf1, lerk6, eplg6"
3.5.2.3.2,Elf-2 (NERF),,"elf2, eu32, nerf, nerf2, nerf1a, nerf1b"
3.5.2.3.3,"Elf-4 (ELFR, MEF)",,"elf4, mef, elfr"
3.5.2.4,Subfamily: EHF-like factors,CCGGAAGT,
3.5.2.4.1,EHF (ESE-3),,"ehf, ese3, esej"
3.5.2.4.2,Elf-3 (ESE-1),,"elf3, epr1, ese1, ert, esx"
3.5.2.4.3,Elf-5 (ESE-2),,elf5
3.5.2.5,Subfamily: Spi-like factors,AGAGGAAG,
3.5.2.5.1,PU.1 (Spi-1),,"spi1, pu.1, spia, of, sfpi1, spi1"
3.5.2.5.2,Spi-B,,"spib, spib"
3.5.2.5.3,Spi-C,,"spic, mgc40611, spic"
3.5.2.6,Subfamily: ETV6-like factors,CCCGGAAGT,
3.5.2.6.1,ETV6 (Tel-1),,"etv6, tel"
3.5.2.7,Subfamily: SPDEF-like factors,CCGGATGT,
3.5.2.7.1,SPDEF (PSE),,"spdef, pdef, ba375e1.3"
3.5.3,Family: Interferon-regulatory factors,AAGTGAA,
3.5.3.0.1,IRF-1,,"irf1, mar"
3.5.3.0.2,IRF-2,,irf2
3.5.3.0.3,IRF-3,,irf3
3.5.3.0.4,"IRF-4 (LSIRF, NF-EM5, MUM1, Pip)",,"pip, gcdfp15, gcdfp15, gpip4"
3.5.3.0.5,IRF-5,,irf5
3.5.3.0.6,IRF-6,,"irf6, ofc6, vws1, vws, lps"
3.5.3.0.7,IRF-7,,irf7
3.5.3.0.8,IRF-8 (ICSBP1),,"irf8, irf8, icsbp, icsbp1"
3.5.3.0.9,IRF-9 (ISGF-3g),,"irf9, isgf3g"
3.6,Class: TEA domain factors,,
3.6.1,Family: TEF-1-related factors,CATTCC,
3.6.1.0.1,"TEF-1 (TEAD-1, TCF-13)",,"tead1, tef1, tcf13, aa"
3.6.1.0.2,"TEF-3 (TEAD-4, TCF-13L1, Tefr1)",,"tead4, tef3, tefr1, eftr2, rtef1, tcf13l1"
3.6.1.0.3,TEF-4 (TEAD-2),,"tead2, tef4, etf, tef4"
3.6.1.0.4,"TEF-5 (TEAD-3, TEAD5)",,"tead3, tef5, etfr1, tead5"
3.7,Class: ARID domain factors,,
None,,,
3.7.1,Family: ARID-related factors,,
3.7.1.1,Subfamily: ARID1,,
3.7.1.1.1,"ARID1A (BAF250, BAF250A, OSA1, SMARCF1)",,"arid1a, b120, p270, c10rf4, baf250, baf250a, c1orf4, smarcf1"
3.7.1.1.2,"ARID1B (BAF250, BAF250A, OSA1, SMARCF1)",,"arid1b, kiaa1235, eld/osa1, p250r, baf250b, dan15, 6a35"
3.7.1.2,Subfamily: ARID2,,
3.7.1.2.1,ARID2 (BAF200),,"arid2, kiaa1557, dkfzp686g052, flj30619, baf200"
3.7.1.3,Subfamily: ARID3,,
3.7.1.3.1,"ARID3A (Bright, DRIL1, DRIL3, DRX, E2FBP1)",,"arid3a, bright, dril1"
3.7.1.3.2,"ARID3B (BDP, DRIL2)",,"arid3b, bdp, dril2"
3.7.1.3.3,ARID3C,,arid3c
3.7.1.4,Subfamily: ARID4,,
3.7.1.4.1,"ARID4A (RBBP1, RBP1)",,"arid4a, rbp1, rbp1, rbbp1"
3.7.1.4.2,"ARID4B (BRCAA1, RBBP1L1, RBP1L1, SAP180)",,"arid4b, bcaa, brcaa1, sap180, rbp1l1"
3.7.1.5,Subfamily: ARID5,,
3.7.1.5.1,ARID5A (MRF1),,"arid5a, mrf1, rp11363d14"
3.7.1.5.2,"ARID5B (DESRT, MRF2)",,"arid5b, flj21150, mrf2"
3.7.1.6,Subfamily: JARID1,,
3.7.1.6.1,"JARID1A (KDM5A, RBBP2, RBP2)",,"kdm5a, rbbp2, jarid1a"
3.7.1.6.2,"JARID1B (KDM5B, PLU1, RBBP2H1)",,"kdm5b, rbbp2h1a, plu1, ct31, ppp1r98, jarid1b"
3.7.1.6.3,"JARID1C (KDM5C, DXS1272E, SMCX, XE169)",,"kdm5c, dxs1272e, xe169, smcx, jarid1c, mrx13"
3.7.1.6.4,"JARID1D (KDM5D, HY, HYA, SMCY)",,"kdm5d, kiaa0234, hya, hy, smcy, jarid1d"
3.7.1.7,Subfamily: JARID2,,
3.7.1.7.1,"JARID2 (Jumonji, JMJ)",,"jarid2, jmj"
None,,,
None,,,
4,Superclass: Other all-a-helical DNA-binding domains,,
4.1,Class: High-mobility group (HMG) domain factors,,
4.1.1,Family: SOX-related factors,ACAA,
4.1.1.1,Subfamily: Group A,AAACAAA,
4.1.1.1.1,SRY (TDF),,"sry, tdf"
4.1.1.2,Subfamily: Group B,AACAAAG,
4.1.1.2.1,SOX-1,,sox1
4.1.1.2.2,SOX-2,,sox2
4.1.1.2.3,SOX-3,,"sox3, php"
4.1.1.2.4,SOX-14 (SOX-28),,"sox14, sox28"
4.1.1.2.5,SOX-21,,"sox21, sox25"
4.1.1.3,Subfamily: Group C,AACAAAGG,
4.1.1.3.1,SOX-4 (IRE-ABP),,sox4
4.1.1.3.2,SOX-11,,sox11
4.1.1.3.3,SOX-12 (SOX-22),,"sox12, sox22"
4.1.1.4,Subfamily: Group D,AACAAT,
4.1.1.4.1,SOX-5,,"sox5, lsox5, mgc35153"
4.1.1.4.2,SOX-6,,sox6
4.1.1.4.3,SOX-13,,"sox13, sox13, ica12, mgc117216"
4.1.1.5,Subfamily: Group E,AAACAAAGG,
4.1.1.5.1,SOX-8,,sox8
4.1.1.5.2,SOX-9,,"sox9, sra1, cmd1, cmpd1"
4.1.1.5.3,SOX-10,,"sox10, dom, ws4, ws2e"
4.1.1.6,Subfamily: Group F,AACAAT,
4.1.1.6.1,SOX-7,,sox7
4.1.1.6.2,SOX-17,,sox17
4.1.1.6.3,SOX-18,,sox18
4.1.1.7,Subfamily: Group G,,
4.1.1.7.1,SOX-15,,"sox15, sox27, sox26, sox20"
4.1.1.8,Subfamily: Group H,GGACAATGG,
4.1.1.8.1,SOX-30,,sox30
4.1.1.9,Subfamily: Further Sox-related factors,TTCATTCAA,
4.1.1.9.1,CIC [1],,"cic, kiaa0306"
4.1.1.9.2,HBP-1 [1],,hbp1
4.1.1.9.3,BBX (HBP-2) [1],,"bbx, mds001, hspc339, hbp2"
4.1.2,Family: TOX-related factors,,
4.1.2.0.1,TOX [1],,"tox, kiaa0808, tox1"
4.1.2.0.2,TOX-2 (GCX-1) [1],,"tox2, dj1108d11.2, gcx1, c20orf100"
4.1.2.0.3,TOX-3 (CAGF9) [1],,"tox3, cagf9, tnrc9"
4.1.2.0.4,TOX-4 (LCP-1) [1],,"tox4, lcp1, c14orf92, kiaa0737"
4.1.2.0.5,SMARCE1 [1],,"smarce1, baf57"
4.1.2.0.6,HMG20A (HMGX1) [1],,"hmg20a, hmgx1, flj10739, hmgxb1"
4.1.2.0.7,HMG20B (HMGX2) [1],,"hmg20b, soxl, hmgx2, braf35, smarce1r, braf25, hmgxb2"
4.1.2.0.8,HMGXB3 (SMF) [1],,"hmgxb3, smf, kiaa0194, hmgx3"
4.1.3,Family: TCF-7-related factors,TTCAAAG,
4.1.3.0.1,TCF-7 (TCF-1) [1],,"tcf7, tcf1"
4.1.3.0.2,TCF-7L1 (TCF-3) [1],,"tcf7l1, tcf3"
4.1.3.0.3,TCF-7L2 (TCF-4) [1],,"tcf7l2, tcf4, tcf4"
4.1.3.0.4,LEF-1 (TCF-1a) [1],,"lef1, tcf1alpha, tcf10, tcf7l3"
4.1.3.0.5,"TAF-1 (TAF-2A, TAF(II)250) [1]",,"gcnt2, ignt, nagct1, ba421m1.1, ba360o19.2, ulg3, nacgt1, ii, gcnt5, ccat"
4.1.4,Family: PBRM1-related factors,,
4.1.4.0.1,"PB-1 (PBRM1, BAF180) [1]",,"pbrm1, baf180, pb1"
4.1.4.0.2,HMGXB4 (HMG2L1) [1],,"hmgxb4, thc211630, hmg2l1"
4.1.5,Family: WHSC1-related factors,GGCATTGGAAA,
4.1.5.0.1,WHSC1 (TRX-5) [1],,"nsd2, mmset, kmt3g, whsc1"
4.1.5.0.2,SSRP1 [1],,"ssrp1, fact80"
4.1.6,Family: UBF-related factors,,
4.1.6.1,Subfamily: UBF-related factors,,
4.1.6.1.1,UBF [6],,"ubtf, ubf, nor90, ubf1, ubf2"
4.1.6.2,Subfamily: UBF-like proteins,,
4.1.6.2.1,UBTFL1 [2],,"ubtfl1, c11orf27"
4.1.7,Family: TFAM,,
4.1.7.0.1,"TFAM (mtTFA, MtTF1, TCF6, TCF6L2) [2]",,"tfam, tcf6, tcf6l2"
4.2,Class: Heteromeric CCAAT-binding factors,,
4.2.1,Family: Heteromeric CCAAT-binding factors,CCAAT,
4.2.1.0.1,"NF-YA (CP1A, CBF-B)",,"nfya, hap2, cbfb, nfya"
4.2.1.0.2,"NF-YB (CP1B, CBF-A)",,"nfyb, cbfa, hap3, nfyb"
4.2.1.0.3,NF-YC,,"nfyc, cbfc, nfyc"
None,,,
None,,,
5,Superclass:a-Helices exposed byb-structures,,
5.1,Class: MADS box factors,,
5.1.1,Family: Regulators of differentiation,CTAAAAATAG,
5.1.1.1,Subfamily: MEF-2,CTAAAAATAG,
5.1.1.1.1,MEF-2A,,"mef2a, rsrfc4, rsrfc9"
5.1.1.1.2,"MEF-2B (RSRFR2, xMEF2)",,"mef2b, rsrfr2"
5.1.1.1.3,MEF-2C,,mef2c
5.1.1.1.4,MEF-2D,,mef2d
5.1.2,Family: Responders to external signals (SRF/RLM1),CCATATATGG,
5.1.2.0.1,SRF,,"srf, mcm1"
5.2,Class: E2-related factors,,
5.2.1,Family: E2,,
5.3,Class: SAND domain factors,,
5.3.1,Family: AIRE,ATTGGTTATATTGGTTA,
5.3.1.0.1,AIRE,,"aire, pga1, aps1, apeced"
5.3.2,Family: DEAF,TTTCCG,
5.3.2.0.1,DEAF1,,"deaf1, nudr, spn, zmynd5"
5.3.3,Family: GMEB,CTTCTGTATGAGCGCCAGTAT,
5.3.3.1,Subfamily: GMEB,,
5.3.3.1.1,GMEB-1,,"gmeb1, p96pif, pif96"
5.3.3.1.2,GMEB-2,,"gmeb2, p79pif, kiaa1269, pif79"
5.3.4,Family: Sp110,,
5.3.4.0.1,Sp110,,"sp110, ifi41, ifi75"
5.3.5,Family: Sp140/Sp100,,
5.3.5.1,Subfamily: Sp140-like factors,,
5.3.5.1.1,Sp140,,"sp140, lysp100b, lysp100a"
5.3.5.2,Subfamily: Sp100,,
5.3.5.2.1,Sp100,,sp100
None,,,
None,,,
6,Superclass: Immunoglobulin fold,,
6.1,Class: Rel homology region (RHR) factors,,
6.1.1,Family: NF-kappaB-related factors,,
6.1.1.1,Subfamily: NF-kappaB p50 subunit-like factors,GGGAATTTCC,
6.1.1.1.1,NF-kB p105 (NFKB1),,"nfkb1, kbf1, p105, nfkbp50, p50, nfkappab, nfkappab, nfkb1"
6.1.1.1.2,NF-kB p100 (NFKB2),,"nfkb2, lyt10, p52, p105, nfkb2, p49/p100"
6.1.1.2,Subfamily: NF-kappaB p65 subunit-like factors,GAAAATTTCC,
6.1.1.2.1,NF-kB p65 (RelA),,"rela, p65, nfkb3"
6.1.1.2.2,RelB (I-Rel),,"relb, relb"
6.1.1.2.3,c-Rel,,"rel, irel, crel"
6.1.2,Family: Ankyrin domain-only factors,,
6.1.2.1,Subfamily: IkB-related factors,,
6.1.2.1.1,IkBa,,"nfkbia, ikba, mad3, ikappabalpha, nfkbi"
6.1.2.1.2,IkBb,,"nfkbib, ikbb, trip9"
6.1.2.1.3,IkBdelta,,"nfkbid, tanfkbh, ikappabns, ikbns"
6.1.2.1.4,IkBepsilon,,"nfkbie, ikbe"
6.1.2.1.5,IkBz(MAIL),,"nfkbiz, mail, flj34463, inap"
6.1.2.1.6,IkBR (Tonsl),,"tonsl, ikbr, nfkbil2"
6.1.2.1.7,IkBL,,"nfkbil1, ikbl, nfkbil"
6.1.2.1.8,BCL-3,,"bcl3, d19s37, bcl4"
6.1.2.2,Subfamily: RelA-associated inhibitor,,
6.1.2.2.1,RAI (iASPP),,"ppp1r13l, rai, iaspp"
6.1.3,Family: NFAT-related factors,ATGGAAA,
6.1.3.0.1,NFATc1,,"nfatc1, nfatc, nfatc, nfat2"
6.1.3.0.2,"NFATc2 (NFATp, NFAT1)",,"nfatc2, nfatp, nfatp, nfat1"
6.1.3.0.3,"NFATc3 (NFATx, NFAT4)",,"nfatc3, nfat4, nfatx"
6.1.3.0.4,NFATc4 (NFAT3),,"nfatc4, nfat3"
6.1.3.0.5,NFAT5 (TonEBP),,"nfat5, tonebp, kiaa0827, nfatl1, orebp, nfatz, nfat5"
6.1.4,Family: CSL-related factors,CGTGGGAA,
6.1.4.1,Subfamily: M,CGTGGGAA,
6.1.4.1.1,RBP-Jk,,"rbpj, suh, igkjrb, rbpjk, kbf2, rbpj, cbf1, igkjrb1, rbpsuh"
6.1.4.1.2,RBP-JL,,"rbpjl, rbpl, suh, suhl, rbpsuhl"
6.1.5,Family: Early B-Cell Factor-related factors,TCCCTAGGGA,
6.1.5.0.1,EBF1 (COE1),,"ebf1, olf1, coe1, ebf"
6.1.5.0.2,EBF2 (COE2),,"ebf2, flj11500, coe2"
6.1.5.0.3,EBF3 (COE3),,"ebf3, coe3, dkfzp667b0210"
6.1.5.0.4,EBF4 (COE4),,"ebf4, kiaa1442, coe4, rp5860f19.3, o/e4"
6.2,Class: STAT domain factors,,
6.2.1,Family: STAT factors,TTCCCGGAA,
6.2.1.0.1,STAT1,,"stat1, stat91, isgf3"
6.2.1.0.2,STAT2,,"stat2, stat113"
6.2.1.0.3,STAT3,,"stat3, aprf"
6.2.1.0.4,STAT4,,stat4
6.2.1.0.5,STAT5A,,"stat5a, mgf, stat5"
6.2.1.0.6,STAT5B,,stat5b
6.2.1.0.7,STAT6,,"stat6, d12s1644, il4stat"
6.3,Class: p53 domain factors,,
6.3.1,Family: p53-related factors,GGACATGCCCGGGCATGTCC,
6.3.1.0.1,p53,,"tp53, p53, lfs1"
6.3.1.0.2,p63,,"tp63, p51, shfm4, eec3, p63, p73l, ofc8, ket, p73h, nbp, p53cp, tp73l, tp53l, tp53cp"
6.3.1.0.3,p73,,"tp73, p73"
6.4,Class: Runt domain factors,,
6.4.1,Family: Runt-related factors,TGTGGT,
6.4.1.0.1,"Runx2 (PEBP2aA, CBF-a1)",,"runx2, aml3, pebp2a1, pebp2aa1, ccd, cbfa1, ccd1"
6.4.1.0.2,"Runx1 (PEBP2aB, CBF-a2, AML-1)",,"runx1, pebp2a2, amlcr1, aml1, cbfa2"
6.4.1.0.3,"Runx3 (PEBP2aC, CBF-a3, AML-2)",,"runx3, aml2, pebp2a3, cbfa3"
6.5,Class: T-Box factors,,
6.5.1,Family: Brachyury-related factors,TCACACCTAGGTGTGAAATT,
6.5.1.0.1,T (Brachyury),,"tbxt, t"
6.5.1.0.2,TBX19,,"tbx19, dj747l4.1, tpit"
6.5.2,Family: TBrain-related factors,AGGTGTGAA,
6.5.2.0.1,TBR-1,,tbr1
6.5.2.0.2,TBR-2 (EOMES),,"eomes, tbr2"
6.5.2.0.3,TBX21 (T-bet),,"tbx21, tblym, tbet"
6.5.3,Family: TBX1-related factors,,
6.5.3.0.1,TBX1,,"tbx1, catch22, vcf"
6.5.3.0.2,TBX10 (TBX7),,"tbx10, tbx13, tbx7"
6.5.3.0.3,TBX15 (TBX14),,"tbx15, tbx14"
6.5.3.0.4,TBX18,,tbx18
6.5.3.0.5,TBX20,,tbx20
6.5.3.0.6,TBX22,,"tbx22, cpx, clpa"
6.5.4,Family: TBX2-related factors,AGGTGTGAG,
6.5.4.0.1,TBX2,,tbx2
6.5.4.0.2,TBX3,,"tbx3, tbx3iso, xhl, ums"
6.5.4.0.3,TBX4,,tbx4
6.5.4.0.4,TBX5,,"tbx5, hos"
6.5.5,Family: TBX6-related factors,AATTTCACACCTAGGTGTGAAATT,
6.5.5.0.1,TBX6,,tbx6
6.5.5.0.2,MGA (MAD5) =1.2.6.7.4,,"mga, kiaa0518, mad5, mxd5, flj12634"
6.6,Class: NDT80 domain factors,,
6.6.1,Family: Myelin gene regulatory factor-related factors,,
6.6.1.0.1,"Myelin gene regulatory factor (Myrf, MRF, C11orf9)",,"myrf, ndt80, pqn47, mrf, c11orf9"
6.7,Class: Grainyhead domain factors,,
6.7.1,Family: Grainyhead-related factors,,
6.7.1.1,Subfamily: GRH-like proteins,,
6.7.1.1.1,"GRH-L1 (CP2-L2, LBP-32, MGR)",,"grhl1, lbp32, mgr, tfcp2l2"
6.7.1.1.2,GRH-L2 (CP2-L3),,"grhl2, flj13782, bom, dfna28, tfcp2l3"
6.7.1.1.3,GRH-L3 (CP2-L4),,"grhl3, som, tfcp2l4"
6.7.2,Family: CP2-related factors,GCACAAACCAG,
6.7.2.0.1,"CP2 (LSF, SEF)",,"tfcp2, cp2, lsf, lbp1c, tfcp2c"
6.7.2.0.2,"CP2-L1 (LBP-9, CRTR-1)",,"tfcp2l1, lbp9, crtr1"
6.7.2.0.3,"UBP-1 (LBP-1, SEF, CP2b)",,"il17rd, sef, il17rlm, flj35755, il17rd"
None,,,
None,,,
7,Superclass:b-Hairpin exposed by ana/b-scaffold,,
7.1,Class: SMAD/NF-1 DNA-binding domain factors,,
7.1.1,Family: SMAD factors,GTCTAGAC,
7.1.1.1,Subfamily: Regulatory Smads (R-Smad),,
7.1.1.1.1,SMAD1,,"smad1, madr1, jv41, madh1"
7.1.1.1.2,SMAD2,,"smad2, madr2, jv181, madh2"
7.1.1.1.3,SMAD3,,"smad3, jv152, hst17436, madh3"
7.1.1.1.4,SMAD5,,"smad5, dwfc, jv51, madh5"
7.1.1.1.5,SMAD9 (SMAD8),,"smad9, smad8, smad8/9, madh6, madh9"
7.1.1.2,Subfamily: Co-activating Smads (Co-Smad),,
7.1.1.2.1,SMAD4,,"smad4, dpc4, madh4"
7.1.1.3,Subfamily: Repressor-Smads (I-Smad),,
7.1.1.3.1,SMAD6,,"smad6, hst17432, madh7, madh6"
7.1.1.3.2,SMAD7,,"smad7, madh8, madh7"
7.1.2,Family: Nuclear factor 1,TTGGCTATATGCCAA,
7.1.2.0.1,NF-1A (NF-IA),,"nfia, nfil, kiaa1439"
7.1.2.0.2,NF-1B,,"nfib, nfired, nfib2, nfib3"
7.1.2.0.3,NF-1C,,"nfic, ctf, nfi, ctf5, nfi"
7.1.2.0.4,NF-1X,,"nfix, nf1a"
7.2,Class: GCM domain factors,,
7.2.1,Family: GCM factors,,
7.2.1.0.1,GCMa (GCM1),,"gcm1, hgcma, gcma"
7.2.1.0.2,GCMb (GCM2),,"gcm2, hgcmb, gcmb"
8,Superclass:b-Sheet binding to DNA,,
8.1,Class: TATA-binding proteins,,
8.1.1,Family: TBP-related factors,TATAAA),
8.1.1.0.1,TBP,,"tbp, tfiid, gtf2d1, sca17"
8.1.1.0.2,TBP-L1 (TRF2),,"tbpl1, tlp, stud, trf2, tlf"
8.1.1.0.3,TBP-L2 (TRF3),,"tbpl2, trf3, tbp2"
8.2,Class: A.T hook factors,,
8.2.1,Family: HMGA factors,GGAAATT,
8.2.1.0.1,HMGA1 (HMGI(Y)),,"hmga1, hmgiy"
8.2.1.0.2,HMGA2 (HMGI-C),,"hmga2, babl, lipo, hmgic"
9,Superclass:b-Barrel DNA-binding domains,,
9.1,Class: Cold-shock domain factors,,
9.1.1,Family: Dbp factors,CCAATCAG,
9.1.1.1,Subfamily: A (DbpA-like),,
9.1.1.1.1,"DbpA (YBX3, CSDA)",,"ybx3, dbpa, zonab, csda1, csda"
9.1.1.2,Subfamily: B (DbpB/YB-1-like),,
9.1.1.2.1,"YB-1 (DbpB, YBX1)",,"ybx1, yb1, yb1, dbpb, nsep1, mdrnf1, bp8, csdb, csda2, nsep1"
9.1.1.3,Subfamily: C (FRG Y2-like),,
9.1.1.3.1,"YBX2 (DbpC, MSY2, FRG Y2)",,"ybx2, msy2, csda3, contrin"
0,Superclass: Yet undefined DNA-binding domains,,
0.1,Class: AXUD/CSRNP domain factors,,
0.1.1,Family: CSRNP factors,AGAGTG,
0.1.1.0.1,"CSRNP-1 (AXUD1, TAIP3)",,"csrnp1, urax1, dkfzp566f164, fam130b, taip3, axud1"
0.1.1.0.2,CSRNP-2 (TAIP12),,"csrnp2, c12orf2, taip12, ppp1r72, c12orf22, fam130a1"
0.1.1.0.3,CSRNP-3 (TAIP2),,"csrnp3, flj32093, taip2, ppp1r73, fam130a2"
0.2,Class: NonO domain factors,,
0.2.1,Family: NonO-related factors,,
0.2.1.0.1,"NONO (NMT55, p54(nrb), NRB54)",,"nono, nrb54, nmt55, p54nrb, p54, ppp1r114"
0.2.1.0.2,SFPQ (PSF),,"sfpq, psf, ppp1r140"
0.2.1.0.3,"PSPC1 (PSP1, Paraspeckle component 1)",,"pspc1, psp1, flj10955"
0.3,Class: Leucine-rich repeat flightless-interacting proteins,,
0.3.1,Family: LRRFIP factors,AGCCCCCGGCG,
0.3.1.0.1,"LRRFIP1 (GCF2, TRIP)",,"lrrfip1, flap1, fliiap1, trip, gcf2, hufi1"
0.3.1.0.2,LRRFIP2,,"lrrfip2, hufi2"
0.4,Class: NFX1-type putative zinc finger factors,,
0.4.1,Family: NFX1,CCTAGCAACAGATG,
0.4.1.0.1,NFX1 (NFX2),,"nfx1, nfx2, mgc20369, tex42, teg42"
0.4.1.0.2,NFXL1 (OZFP),,"nfxl1, hozfp"
0.4.1.0.3,ZNFX1,,"znfx1, kiaa1404, flj11277"
0,Class: Uncharacterized,,
0.0.1,Family: Nuclear localized protein 1,,
0.0.1.0.1,NULP1 (TCF25),,"tcf25, nulp1, kiaa1049"
0.0.2,Family: PHF5,,
0.0.2.0.1,"PHF5A (Ini, SF3b14b)",,"phf5a, mgc1346, sf3b14b, ini, bk223h9.2, rds3, sap14b, sf3b7"
0.0.3,Family: RFXANK,CAGTTGCCTAGCAACTA,
0.0.3.0.1,"RFXANK (ANKRA1, RFXB, Tvl-1)",,"rfxank, bls, rfxb, ankra1, f14150_1, mgc138628"
0.0.4,Family: RFXAP,CAGTTGCCTAGCAACTA,
0.0.4.0.1,RFXAP,,rfxap
0.0.5,Family: PUR,TGGCCAGGG,
0.0.5.0.1,"Pur-a(PURA, PUR1)",,"pura, puralpha, pur1, puralpha"
0.0.5.0.2,Pur-b(PURB),,"purb, purbeta"
0.0.5.0.3,Pur-g(PURG),,"purg, purga, purgb"
0.0.6,Family: NRF,CGCATGCGCA,
0.0.6.0.1,NRF-1 (a-pal),,"nrf1, ewg, alphapal"